time,foot1,foot2,hand1,hand2,pos1,pos2,result,score,bout
,,,,,,,,,1
0:01:23,fs,,,,,,,,
0:01:24,,fs,,,,,,,
0:01:25,,,,,,,,,
0:01:26,,,,,,,,,
0:01:27,,,,,,,,,
0:01:28,,,,,,,,,
0:01:29,,,,,,,,,
0:02:00,,,,,,,,,
0:02:01,,,,,,,,,
0:02:02,,,,,,,,,
0:02:03,,,,,,,,,
0:02:04,ff,,,,,,,,
0:02:05,fs,ff,,,,,,,
0:02:06,,fs,,,,,,,
0:02:07,,,,,,,,,
0:02:08,,,,,,,,,
0:02:09,ff,,,,,,,,
0:02:10,as,,,,,,,,
0:02:11,,,,,,,,,
0:02:12,,,,,,,,,
0:02:13,,ff,,,,,,,
0:02:14,,bs,as,,,,,,
0:02:15,,bf,,,,,,,
0:02:16,af,fs,,,,,,,
0:02:17,,,,,,,,,
0:02:18,,,h,,,,,,
0:02:19,,,,,,,,,
0:02:20,,,,,,,,,
0:02:21,,ff,,,,,,,
,,,,,,,a,1,
,,,,,,,,,2
0:10:03,fs,,,,,,,,
0:10:04,,fs,,,,,,,
0:10:05,,,,,,,,,
0:10:06,,,,,,,,,
0:10:07,,,,,,,,,
0:10:08,,,,,,,,,
0:10:09,,,,,,,,,
0:10:10,,,,,,,,,
0:10:11,,,,,,,,,
0:10:12,,,,,,,,,
0:10:13,,,,,,,,,
0:10:14,,,,,,,,,
0:10:15,ff,,,,,,,,
0:10:16,fs,ff,,,,,,,
0:10:17,,as,,,,,,,
0:10:18,,,,,,,,,
0:10:19,,,,,,,,,
0:10:20,ff,,,,,,,,
0:10:21,as,,,,,,,,
0:10:22,,,,,,,,,
0:10:23,,,,,,,,,
0:10:24,,,,,,,,,
0:10:25,,,as,,,,,,
0:10:26,,,,as,,,,,
0:10:27,,,h,,5,,,,
0:10:28,af,,,h,,4,,,
0:10:29,,af,,,,,,,
,,,,,,,b,,
,,,,,,,,,3
0:18:18,fs,,,,,,,,
0:18:19,,,,,,,,,
0:18:20,,fs,,,,,,,
0:18:21,,,,,,,,,
0:18:22,,,,,,,,,
0:18:23,,,,,,,,,
0:18:24,,,,,,,,,
0:18:25,,,,,,,,,
0:18:26,,,,,,,,,
0:18:27,,,,,,,,,
0:18:28,,,,,,,,,
0:18:29,ff,,,,,,,,
0:19:00,fs,ff,,,,,,,
0:19:01,,fs,,,,,,,
0:19:02,,,,,,,,,
0:19:03,,,,,,,,,
0:19:04,,,,,,,,,
0:19:05,,,,,,,,,
0:19:06,ff,,,,,,,,
0:19:07,as,ff,,,,,,,
0:19:08,,bs,,,,,,,
0:19:09,,,,,,,,,
0:19:10,,,,,,,,,
0:19:11,,,as,,,,,,
0:19:12,,,,,,,,,
0:19:13,af,,,,,,,,
0:19:14,,,af,,5,,,,
0:19:15,,,,,,,,,
0:19:16,,,,,,,,,
0:19:17,,,,,,,,,
0:19:18,,bf,,,,,,,
0:19:19,,bs,,,,,,,
0:19:20,,,,,,,,,
0:19:21,,,,,,,,,
0:19:22,,,,,,,,,
0:19:23,,,,,,,,,
0:19:24,,,,,,,,,
0:19:25,,,,,,,,,
0:19:26,bs,,,,,,,,
0:19:27,,bf,,,,,,,
0:19:28,,bs,,,,,,,
0:19:29,,,,,,,,,
0:20:00,,,,,,,,,
0:20:01,,,,,,,,,
0:20:02,,,,,,,,,
0:20:03,,,,,,,,,
0:20:04,bf,,,,,,,,
0:20:05,cs,,,,,,,,
0:20:06,,bf,,,,,,,
0:20:07,,,,,,,,,
0:20:08,,,,,,,,,
0:20:09,,,,,,,,,
0:20:10,,,,,,,,,
0:20:11,,,,,,,,,
0:20:12,,,,,,,,,
0:20:13,,fs,,,,,,,
0:20:14,,,,,,,,,
0:20:15,,,,,,,,,
0:20:16,,,,,,,,,
0:20:17,cf,,,,,,,,
0:20:18,,,,,,,,,
0:20:19,,,,,,,,,
0:20:20,bs,ff,,,,,,,
0:20:21,,,,,,,,,
0:20:22,,,,,,,,,
0:20:23,,fs,,,,,,,
0:20:24,,,,,,,,,
0:20:25,,,,,,,,,
0:20:26,,,,,,,,,
0:20:27,,,,,,,,,
0:20:28,,,,,,,,,
0:20:29,,,,,,,,,
0:21:00,,,,,,,,,
0:21:01,bf,,,,,,,,
0:21:02,bs,,,,,,,,
0:21:03,,,,,,,,,
0:21:04,,,,,,,,,
0:21:05,,,,,,,,,
0:21:06,bf,,,,,,,,
0:21:07,cs,,,,,,,,
0:21:08,,,,,,,,,
0:21:09,,,,,,,,,
0:21:10,,,,,,,,,
0:21:11,,ff,,,,,,,
0:21:12,,as,,,,,,,
0:21:13,,,,,,,,,
0:21:14,,,,,,,,,
0:21:15,,,,,,,,,
0:21:16,,,,,,,,,
0:21:17,,,,,,,,,
0:21:18,,,,,,,,,
0:21:19,,,,,,,,,
0:21:20,cf,,,as,,,,,
0:21:21,bs,,,,,,,,
0:21:22,,,,,,,,,
0:21:23,,af,,af,,5,,,
0:21:24,bf,,,,,,,,
0:21:25,bs,,,,,,,,
0:21:26,,,,,,,,,
0:21:27,,,,,,,,,
0:21:28,,,,,,,,,
0:21:29,,,,,,,,,
0:22:00,,fs,,,,,,,
0:22:01,,,,,,,,,
0:22:02,,,,,,,,,
0:22:03,,,,,,,,,
0:22:04,bf,,,,,,,,
0:22:05,bs,,,,,,,,
0:22:06,,,,,,,,,
0:22:07,,,,,,,,,
0:22:08,,,,,,,,,
0:22:09,,,,,,,,,
0:22:10,,ff,,,,,,,
0:22:11,,bs,,,,,,,
0:22:12,,,,,,,,,
0:22:13,,,,,,,,,
0:22:14,,,,,,,,,
0:22:15,bf,,,,,,,,
0:22:16,fs,,,,,,,,
0:22:17,,,,,,,,,
0:22:18,,,,,,,,,
0:22:19,,,,,,,,,
0:22:20,,,,,,,,,
0:22:21,,,,,,,,,
0:22:22,,,,,,,,,
0:22:23,,,,,,,,,
0:22:24,,,,,,,,,
0:22:25,ff,bf,,,,,,,
0:22:26,,bs,,,,,,,
0:22:27,,,,,,,,,
0:22:28,,,,,,,,,
0:22:29,,,,,,,,,
0:23:00,,,,,,,,,
0:23:01,,,,,,,,,
0:23:02,,,,,,,,,
0:23:03,,,,,,,,,
0:23:04,,,,,,,,,
0:23:05,,,,,,,,,
0:23:06,fs,,,,,,,,
0:23:07,,,,,,,,,
0:23:08,,,,,,,,,
0:23:09,,,,,,,,,
0:23:10,,,,,,,,,
0:23:11,,,,,,,,,
0:23:12,,,,,,,,,
0:23:13,,,,,,,,,
0:23:14,,,,,,,,,
0:23:15,,,,,,,,,
0:23:16,,,,,,,,,
0:23:17,,,,,,,,,
0:23:18,,,,,,,,,
0:23:19,,,,,,,,,
0:23:20,,bf,,,,,,,
0:23:21,,bs,,,,,,,
0:23:22,,,,,,,,,
0:23:23,ff,,,,,,,,
0:23:24,fs,,,,,,,,
0:23:25,,,,,,,,,
0:23:26,,,,,,,,,
0:23:27,,,,,,,,,
0:23:28,,,,,,,,,
0:23:29,,,,,,,,,
0:24:00,,,,,,,,,
0:24:01,,bf,,,,,,,
0:24:02,,bs,,,,,,,
0:24:03,,,,,,,,,
0:24:04,,,,,,,,,
0:24:05,,,,,,,,,
0:24:06,,,,,,,,,
0:24:07,,,,,,,,,
0:24:08,,,,,,,,,
0:24:09,,,,,,,,,
0:24:10,,,,,,,,,
0:24:11,,,,,,,,,
0:24:12,ff,,,,,,,,
0:24:13,fs,,,,,,,,
0:24:14,,,,,,,,,
0:24:15,,,,,,,,,
0:24:16,,,,,,,,,
0:24:17,,,,,,,,,
0:24:18,,,,,,,,,
0:24:19,,,,,,,,,
0:24:20,ff,,,,,,,,
0:24:21,as,,,,,,,,
0:24:22,,,,,,,,,
0:24:23,,bf,,,,,,,
0:24:24,,bs,,,,,,,
0:24:25,,,,,,,,,
0:24:26,,,,,,,,,
0:24:27,,,as,,,,,,
0:24:28,,,,,,,,,
0:24:29,,,,,,,,,
0:25:00,,,,,,,,,
0:25:01,af,,h,,4,,,,
0:25:02,,,,,,,,,
0:25:03,,,,,,,,,
0:25:04,,,,,,,,,
0:25:05,,,,,,,,,
0:25:06,,,,,,,,,
0:25:07,,bf,,,,,,,
0:25:08,,bs,,,,,,,
0:25:09,,,,,,,,,
0:25:10,,,,,,,,,
0:25:11,,,,,,,,,
0:25:12,,,,,,,,,
0:25:13,,,,,,,,,
0:25:14,,,,,,,,,
0:25:15,,,,,,,,,
0:25:16,,,,,,,,,
0:25:17,,,,,,,,,
0:25:18,,,,,,,,,
0:25:19,,,,,,,,,
0:25:20,,bf,,,,,,,
,,,,,,,a,1,
,,,,,,,,,4
0:36:03,fs,fs,,,,,,,
0:36:04,,,,,,,,,
0:36:05,,,,,,,,,
0:36:06,,,,,,,,,
0:36:07,,,,,,,,,
0:36:08,,,,,,,,,
0:36:09,,,,,,,,,
0:36:10,,,,,,,,,
0:36:11,,,,,,,,,
0:36:12,,,,,,,,,
0:36:13,ff,,,,,,,,
0:36:14,fs,,,,,,,,
0:36:15,,ff,,,,,,,
0:36:16,,as,,,,,,,
0:36:17,,,,,,,,,
0:36:18,,,,,,,,,
0:36:19,ff,,,,,,,,
0:36:20,as,,,,,,,,
0:36:21,,,,,,,,,
0:36:22,,,,,,,,,
0:36:23,,,,,,,,,
0:36:24,,,,,,,,,
0:36:25,,,,,,,,,
0:36:26,,,,,,,,,
0:36:27,af,,,,,,,,
0:36:28,,,,,,,,,
0:36:29,,af,,,,,,,
,,,,,,,b,,
,,,,,,,,,5
0:47:04,fs,,,,,,,,
0:47:05,,,,,,,,,
0:47:06,,fs,,,,,,,
0:47:07,,,,,,,,,
0:47:08,,,,,,,,,
0:47:09,,,,,,,,,
0:47:10,,,,,,,,,
0:47:11,,,,,,,,,
0:47:12,,,,,,,,,
0:47:13,,,,,,,,,
0:47:14,,,,,,,,,
0:47:15,ff,,,,,,,,
0:47:16,fs,ff,,,,,,,
0:47:17,,as,,,,,,,
0:47:18,,,,,,,,,
0:47:19,,,,,,,,,
0:47:20,,,,,,,,,
0:47:21,,,,,,,,,
0:47:22,,,,,,,,,
0:47:23,,,,,,,,,
0:47:24,ff,,,,,,,,
0:47:25,bs,,,,,,,,
0:47:26,,,,,,,,,
0:47:27,,,,,,,,,
0:47:28,,,,,,,,,
0:47:29,,,,,,,,,
0:48:00,,af,,,,,,,
0:48:01,,,,,,,,,
0:48:02,,,,,,,,,
0:48:03,,,,,,,,,
0:48:04,bf,,,,,,,,
0:48:05,bs,,,,,,,,
0:48:06,,bs,,,,,,,
0:48:07,,,,,,,,,
0:48:08,,,,,,,,,
0:48:09,,,,,,,,,
0:48:10,,,,,,,,,
0:48:11,,,,,,,,,
0:48:12,,,,,,,,,
0:48:13,,bf,,,,,,,
0:48:14,,bs,,,,,,,
0:48:15,,,,,,,,,
0:48:16,,,,,,,,,
0:48:17,,,,,,,,,
0:48:18,,,,,,,,,
0:48:19,,bf,,,,,,,
0:48:20,,fs,,,,,,,
0:48:21,,,,,,,,,
0:48:22,,,,,,,,,
0:48:23,bf,,,,,,,,
0:48:24,fs,,,,,,,,
0:48:25,,,,,,,,,
0:48:26,,,,,,,,,
0:48:27,,,,,,,,,
0:48:28,,ff,,,,,,,
0:48:29,,bs,,,,,,,
0:49:00,,,,,,,,,
0:49:01,,,,,,,,,
0:49:02,,,,,,,,,
0:49:03,,,,,,,,,
0:49:04,,,,,,,,,
0:49:05,,,,,,,,,
0:49:06,,,,,,,,,
0:49:07,,,,,,,,,
0:49:08,ff,,,,,,,,
0:49:09,fs,bf,,,,,,,
0:49:10,,bs,,,,,,,
0:49:11,,,,,,,,,
0:49:12,,,,,,,,,
0:49:13,,,,,,,,,
0:49:14,,,,,,,,,
0:49:15,,,,,,,,,
0:49:16,,,,,,,,,
0:49:17,,,,,,,,,
0:49:18,,,,,,,,,
0:49:19,,,,,,,,,
0:49:20,,bf,,,,,,,
0:49:21,,bs,,,,,,,
0:49:22,,,,,,,,,
0:49:23,,,,,,,,,
0:49:24,,,,,,,,,
0:49:25,,,,,,,,,
0:49:26,ff,,,,,,,,
0:49:27,fs,,,,,,,,
0:49:28,,,,,,,,,
0:49:29,,,,,,,,,
0:50:00,,,,,,,,,
0:50:01,,,,,,,,,
0:50:02,,,,,,,,,
0:50:03,,bf,,,,,,,
0:50:04,,bs,,,,,,,
0:50:05,,,,,,,,,
0:50:06,,,,,,,,,
0:50:07,,,,,,,,,
0:50:08,,,,,,,,,
0:50:09,,,,,,,,,
0:50:10,ff,,,,,,,,
0:50:11,fs,,,,,,,,
0:50:12,,,,,,,,,
0:50:13,,,,,,,,,
0:50:14,,,,,,,,,
0:50:15,,,,,,,,,
0:50:16,,,,,,,,,
0:50:17,,,,,,,,,
0:50:18,,,,,,,,,
0:50:19,,,,,,,,,
0:50:20,,bf,,,,,,,
0:50:21,,bs,,,,,,,
0:50:22,,,,,,,,,
0:50:23,,,,,,,,,
0:50:24,,,,,,,,,
0:50:25,,,,,,,,,
0:50:26,ff,,,,,,,,
0:50:27,fs,,,,,,,,
0:50:28,,,,,,,,,
0:50:29,,,,,,,,,
0:51:00,,,,,,,,,
0:51:01,,,,,,,,,
0:51:02,,,,,,,,,
0:51:03,,,,,,,,,
0:51:04,,,,,,,,,
0:51:05,,,,,,,,,
0:51:06,,,,,,,,,
0:51:07,,,,,,,,,
0:51:08,ff,bf,,,,,,,
0:51:09,fs,bs,,,,,,,
0:51:10,,,,,,,,,
0:51:11,,,,,,,,,
0:51:12,,,,,,,,,
0:51:13,,,,,,,,,
0:51:14,,,,,,,,,
0:51:15,,,,,,,,,
0:51:16,,,,,,,,,
0:51:17,,,,,,,,,
0:51:18,,bf,,,,,,,
0:51:19,,bs,,,,,,,
0:51:20,,,,,,,,,
0:51:21,,,,,,,,,
0:51:22,,,,,,,,,
0:51:23,ff,,,,,,,,
0:51:24,as,,,,,,,,
0:51:25,,,,,,,,,
0:51:26,,,,,,,,,
0:51:27,,,,,,,,,
0:51:28,,,,,,,,,
0:51:29,,,,,,,,,
0:52:00,,,,,,,,,
0:52:01,,,,,,,,,
0:52:02,,bf,,,,,,,
0:52:03,,bs,,,,,,,
0:52:04,,,,,,,,,
0:52:05,,,,,,,,,
0:52:06,,,,,,,,,
0:52:07,af,,,,,,,,
0:52:08,,,,,,,,,
0:52:09,,,,,,,,,
0:52:10,,,,,,,,,
0:52:11,,,,,,,,,
0:52:12,,,,,,,,,
0:52:13,,,,,,,,,
0:52:14,,bf,,,,,,,
,,,,,,,a,1,
,,,,,,,,,6
1:04:29,fs,fs,,,,,,,
1:05:00,,,,,,,,,
1:05:01,,,,,,,,,
1:05:02,,,,,,,,,
1:05:03,,,,,,,,,
1:05:04,,,,,,,,,
1:05:05,,,,,,,,,
1:05:06,,,,,,,,,
1:05:07,,,,,,,,,
1:05:08,,,,,,,,,
1:05:09,,,,,,,,,
1:05:10,ff,ff,,,,,,,
1:05:11,fs,fs,,,,,,,
1:05:12,,,,,,,,,
1:05:13,,,,,,,,,
1:05:14,,,,,,,,,
1:05:15,ff,,,,,,,,
1:05:16,bs,,,,,,,,
1:05:17,,ff,,,,,,,
1:05:18,,as,,,,,,,
1:05:19,,,,,,,,,
1:05:20,,,,,,,,,
1:05:21,,,,,,,,,
1:05:22,,,,,,,,,
1:05:23,,,,,,,,,
1:05:24,,,,,,,,,
1:05:25,,,,,,,,,
1:05:26,,,,,,,,,
1:05:27,,,,,,,,,
1:05:28,,,,,,,,,
1:05:29,,,,,,,,,
1:06:00,,,,,,,,,
1:06:01,,,,,,,,,
1:06:02,,,,,,,,,
1:06:03,bf,af,,,,,,,
1:06:04,bs,,,,,,,,
1:06:05,,,,,,,,,
1:06:06,,bs,,,,,,,
1:06:07,,,,,,,,,
1:06:08,,,,,,,,,
1:06:09,,,,,,,,,
1:06:10,,,,,,,,,
1:06:11,,,,,,,,,
1:06:12,,,,,,,,,
1:06:13,,,,,,,,,
1:06:14,,,,,,,,,
1:06:15,,,,,,,,,
1:06:16,,,,,,,,,
1:06:17,,,,,,,,,
1:06:18,,,,,,,,,
1:06:19,,,,,,,,,
1:06:20,,,,,,,,,
1:06:21,bf,,,,,,,,
1:06:22,,,,,,,,,
1:06:23,,bf,,,,,,,
,,,,,,,a,2,
,,,,,,,,,7
1:16:07,fs,fs,,,,,,,
1:16:08,,,,,,,,,
1:16:09,,,,,,,,,
1:16:10,,,,,,,,,
1:16:11,,,,,,,,,
1:16:12,,,,,,,,,
1:16:13,,,,,,,,,
1:16:14,,,,,,,,,
1:16:15,,,,,,,,,
1:16:16,,,,,,,,,
1:16:17,,,,,,,,,
1:16:18,,,,,,,,,
1:16:19,ff,ff,,,,,,,
1:16:20,fs,fs,,,,,,,
1:16:21,,,,,,,,,
1:16:22,,,,,,,,,
1:16:23,,,,,,,,,
1:16:24,,,,,,,,,
1:16:25,,,,,,,,,
1:16:26,,,,,,,,,
1:16:27,ff,,,,,,,,
1:16:28,bs,ff,,,,,,,
1:16:29,,bs,,,,,,,
1:17:00,,,,,,,,,
1:17:01,,,,,,,,,
1:17:02,,,,,,,,,
1:17:03,,,,,,,,,
1:17:04,,,,,,,,,
1:17:05,,,,,,,,,
1:17:06,,,,,,,,,
1:17:07,bf,,,,,,,,
1:17:08,fs,,,,,,,,
1:17:09,,,,,,,,,
1:17:10,,,,,,,,,
1:17:11,,,,,,,,,
1:17:12,,,,,,,,,
1:17:13,,bf,,,,,,,
1:17:14,,fs,,,,,,,
1:17:15,,,,,,,,,
1:17:16,,,,,,,,,
1:17:17,,,,,,,,,
1:17:18,,,,,,,,,
1:17:19,ff,,,,,,,,
1:17:20,bs,,,,,,,,
1:17:21,,,,,,,,,
1:17:22,,,,,,,,,
1:17:23,,,,,,,,,
1:17:24,,ff,,,,,,,
1:17:25,,fs,,,,,,,
1:17:26,,,,,,,,,
1:17:27,,,,,,,,,
1:17:28,bf,,,,,,,,
1:17:29,bs,,,,,,,,
1:18:00,,,,,,,,,
1:18:01,,,,,,,,,
1:18:02,,,,,,,,,
1:18:03,,,,,,,,,
1:18:04,,,,,,,,,
1:18:05,,,,,,,,,
1:18:06,,,,,,,,,
1:18:07,bf,,,,,,,,
1:18:08,bs,,,,,,,,
1:18:09,,,,,,,,,
1:18:10,,,,,,,,,
1:18:11,,,,,,,,,
1:18:12,,ff,,,,,,,
1:18:13,,fs,,,,,,,
1:18:14,,,,,,,,,
1:18:15,,,,,,,,,
1:18:16,,,,,,,,,
1:18:17,,,,,,,,,
1:18:18,bf,,,,,,,,
1:18:19,bs,,,,,,,,
1:18:20,,,,,,,,,
1:18:21,,,,,,,,,
1:18:22,,,,,,,,,
1:18:23,,,,,,,,,
1:18:24,,ff,,,,,,,
1:18:25,,as,,,,,,,
1:18:26,,,,,,,,,
1:18:27,,,,,,,,,
1:18:28,bf,,,,,,,,
1:18:29,bs,,,,,,,,
1:19:00,,,,,,,,,
1:19:01,,,,,,,,,
1:19:02,,,,,,,,,
1:19:03,,,,,,,,,
1:19:04,,,,,,,,,
1:19:05,,,,,,,,,
1:19:06,,,,,,,,,
1:19:07,,,,,,,,,
1:19:08,,,,,,,,,
1:19:09,,,,,,,,,
1:19:10,,,,,,,,,
1:19:11,,,,,,,,,
1:19:12,,,,,,,,,
1:19:13,,af,,,,,,,
1:19:14,bf,,,,,,,,
,,,,,,,a,2,
,,,,,,,,,8
1:32:08,fs,fs,,,,,,,
1:32:09,,,,,,,,,
1:32:10,,,,,,,,,
1:32:11,,,,,,,,,
1:32:12,,,,,,,,,
1:32:13,,,,,,,,,
1:32:14,,,,,,,,,
1:32:15,,,,,,,,,
1:32:16,,,,,,,,,
1:32:17,,,,,,,,,
1:32:18,,,,,,,,,
1:32:19,,ff,,,,,,,
1:32:20,ff,as,,,,,,,
1:32:21,as,,,,,,,,
1:32:22,,,,,,,,,
1:32:23,,,,,,,,,
1:32:24,,,,,,,,,
1:32:25,,,,,,,,,
1:32:26,,,,,,,,,
1:32:27,,,,,,,,,
1:32:28,,,,,,,,,
1:32:29,,,,,,,,,
1:33:00,,,,,,,,,
1:33:01,,,,,,,,,
1:33:02,,,,,,,,,
1:33:03,,af,,,,,,,
1:33:04,af,,,,,,,,
,,,,,,,b,,
,,,,,,,,,9
1:42:23,fs,,,,,,,,
1:42:24,,fs,,,,,,,
1:42:25,,,,,,,,,
1:42:26,,,,,,,,,
1:42:27,,,,,,,,,
1:42:28,,,,,,,,,
1:42:29,,,,,,,,,
1:43:00,,,,,,,,,
1:43:01,,,,,,,,,
1:43:02,,,,,,,,,
1:43:03,,,,,,,,,
1:43:04,ff,,,,,,,,
1:43:05,fs,,,,,,,,
1:43:06,,ff,,,,,,,
1:43:07,,as,,,,,,,
1:43:08,,,,,,,,,
1:43:09,,,,,,,,,
1:43:10,,,,,,,,,
1:43:11,ff,,,,,,,,
1:43:12,as,,,,,,,,
1:43:13,,,,,,,,,
1:43:14,,,,,,,,,
1:43:15,,,,,,,,,
1:43:16,,,,,,,,,
1:43:17,,,,,,,,,
1:43:18,,,,,,,,,
1:43:19,af,,,,,,,,
1:43:20,,,,,,,,,
1:43:21,,af,,,,,,,
,,,,,,,a,1,
,,,,,,,,,10
2:01:24,fs,fs,,,,,,,
2:01:25,,,,,,,,,
2:01:26,,,,,,,,,
2:01:27,,,,,,,,,
2:01:28,,,,,,,,,
2:01:29,,,,,,,,,
2:02:00,,,,,,,,,
2:02:01,,,,,,,,,
2:02:02,,,,,,,,,
2:02:03,,,,,,,,,
2:02:04,ff,ff,,,,,,,
2:02:05,fs,as,,,,,,,
2:02:06,,,,,,,,,
2:02:07,,,,,,,,,
2:02:08,,,,,,,,,
2:02:09,,,,,,,,,
2:02:10,,,,,,,,,
2:02:11,ff,,,,,,,,
2:02:12,as,,,,,,,,
2:02:13,,,,,,,,,
2:02:14,,,,,,,,,
2:02:15,,,,,,,,,
2:02:16,,,,,,,,,
2:02:17,,,,,,,,,
2:02:18,,,,,,,,,
2:02:19,af,af,,,,,,,
,,,,,,,a,2,
,,,,,,,,,11
2:26:27,fs,fs,,,,,,,
2:26:28,,,,,,,,,
2:26:29,,,,,,,,,
2:27:00,,,,,,,,,
2:27:01,,,,,,,,,
2:27:02,,,,,,,,,
2:27:03,,,,,,,,,
2:27:04,,,,,,,,,
2:27:05,,,,,,,,,
2:27:06,,,,,,,,,
2:27:07,,,,,,,,,
2:27:08,ff,,,,,,,,
2:27:09,fs,ff,,,,,,,
2:27:10,,as,,,,,,,
2:27:11,,,,,,,,,
2:27:12,,,,,,,,,
2:27:13,,,,,,,,,
2:27:14,ff,,,,,,,,
2:27:15,as,,,,,,,,
2:27:16,,,,,,,,,
2:27:17,,,,,,,,,
2:27:18,,,,,,,,,
2:27:19,,,,,,,,,
2:27:20,,,,,,,,,
2:27:21,,,,,,,,,
2:27:22,af,af,,,,,,,
,,,,,,,b,,
,,,,,,,,,12
2:42:21,fs,fs,,,,,,,
2:42:22,,,,,,,,,
2:42:23,,,,,,,,,
2:42:24,,,,,,,,,
2:42:25,,,,,,,,,
2:42:26,,,,,,,,,
2:42:27,,,,,,,,,
2:42:28,,,,,,,,,
2:42:29,,,,,,,,,
2:43:00,,,,,,,,,
2:43:01,,,,,,,,,
2:43:02,ff,ff,,,,,,,
2:43:03,fs,fs,,,,,,,
2:43:04,,,,,,,,,
2:43:05,,,,,,,,,
2:43:06,,,,,,,,,
2:43:07,,,,,,,,,
2:43:08,,,,,,,,,
2:43:09,,,,,,,,,
2:43:10,,,,,,,,,
2:43:11,ff,ff,,,,,,,
2:43:12,bs,as,,,,,,,
2:43:13,,,,,,,,,
2:43:14,,,,,,,,,
2:43:15,,,,,,,,,
2:43:16,,,,,,,,,
2:43:17,,,,,,,,,
2:43:18,,,,,,,,,
2:43:19,,,,,,,,,
2:43:20,,,,,,,,,
2:43:21,,,,,,,,,
2:43:22,,,,,,,,,
2:43:23,,,,,,,,,
2:43:24,bf,,,,,,,,
2:43:25,bs,af,,,,,,,
2:43:26,,,,,,,,,
2:43:27,,,,,,,,,
2:43:28,,,,,,,,,
2:43:29,,,,,,,,,
2:44:00,,,,,,,,,
2:44:01,,,,,,,,,
2:44:02,,,,,,,,,
2:44:03,bf,,,,,,,,
,,,,,,,a,1,
,,,,,,,,,13
3:10:27,fs,fs,,,,,,,
3:10:28,,,,,,,,,
3:10:29,,,,,,,,,
3:11:00,,,,,,,,,
3:11:01,,,,,,,,,
3:11:02,,,,,,,,,
3:11:03,,,,,,,,,
3:11:04,,,,,,,,,
3:11:05,,,,,,,,,
3:11:06,,,,,,,,,
3:11:07,,,,,,,,,
3:11:08,,ff,,,,,,,
3:11:09,ff,fs,,,,,,,
3:11:10,fs,,,,,,,,
3:11:11,,,,,,,,,
3:11:12,,,,,,,,,
3:11:13,,,,,,,,,
3:11:14,,,,,,,,,
3:11:15,,,,,,,,,
3:11:16,,,,,,,,,
3:11:17,ff,ff,,,,,,,
3:11:18,as,as,,,,,,,
3:11:19,,,,,,,,,
3:11:20,,,,,,,,,
3:11:21,,,,,,,,,
3:11:22,,,,,,,,,
3:11:23,,,,,,,,,
3:11:24,af,,,,,,,,
3:11:25,,af,,,,,,,
,,,,,,,b,,
,,,,,,,,,14
3:20:01,fs,fs,,,,,,,
3:20:02,,,,,,,,,
3:20:03,,,,,,,,,
3:20:04,,,,,,,,,
3:20:05,,,,,,,,,
3:20:06,,,,,,,,,
3:20:07,,,,,,,,,
3:20:08,,,,,,,,,
3:20:09,,,,,,,,,
3:20:10,ff,,,,,,,,
3:20:11,fs,ff,,,,,,,
3:20:12,,fs,,,,,,,
3:20:13,,,,,,,,,
3:20:14,,,,,,,,,
3:20:15,,,,,,,,,
3:20:16,,,,,,,,,
3:20:17,ff,,,,,,,,
3:20:18,as,,,,,,,,
3:20:19,,,,,,,,,
3:20:20,,,,,,,,,
3:20:21,,,,,,,,,
3:20:22,,ff,,,,,,,
3:20:23,,bs,,,,,,,
3:20:24,,,,,,,,,
3:20:25,,,,,,,,,
3:20:26,,,,,,,,,
3:20:27,af,,,,,,,,
3:20:28,bs,,,,,,,,
3:20:29,,bf,,,,,,,
3:21:00,,bs,,,,,,,
3:21:01,,,,,,,,,
3:21:02,,,,,,,,,
3:21:03,,,,,,,,,
3:21:04,,,,,,,,,
3:21:05,,,,,,,,,
3:21:06,,,,,,,,,
3:21:07,,,,,,,,,
3:21:08,,,,,,,,,
3:21:09,,,,,,,,,
3:21:10,bf,bf,,,,,,,
3:21:11,bs,fs,,,,,,,
3:21:12,,,,,,,,,
3:21:13,,,,,,,,,
3:21:14,,,,,,,,,
3:21:15,,,,,,,,,
3:21:16,,,,,,,,,
3:21:17,,,,,,,,,
3:21:18,,ff,,,,,,,
3:21:19,,fs,,,,,,,
3:21:20,bf,,,,,,,,
3:21:21,bs,,,,,,,,
3:21:22,,,,,,,,,
3:21:23,,,,,,,,,
3:21:24,,,,,,,,,
3:21:25,,,,,,,,,
3:21:26,,,,,,,,,
3:21:27,,,,,,,,,
3:21:28,,,,,,,,,
3:21:29,,,,,,,,,
3:22:00,,,,,,,,,
3:22:01,,,,,,,,,
3:22:02,,ff,,,,,,,
3:22:03,,fs,,,,,,,
3:22:04,,,,,,,,,
3:22:05,,,,,,,,,
3:22:06,,,,,,,,,
3:22:07,,,,,,,,,
3:22:08,,,,,,,,,
3:22:09,,,,,,,,,
3:22:10,bf,,,,,,,,
3:22:11,bs,,,,,,,,
3:22:12,,,,,,,,,
3:22:13,,,,,,,,,
3:22:14,,,,,,,,,
3:22:15,,,,,,,,,
3:22:16,,,,,,,,,
3:22:17,,,,,,,,,
3:22:18,,,,,,,,,
3:22:19,,ff,,,,,,,
3:22:20,,fs,,,,,,,
3:22:21,,,,,,,,,
3:22:22,,,,,,,,,
3:22:23,,,,,,,,,
3:22:24,,,,,,,,,
3:22:25,,,,,,,,,
3:22:26,,,,,,,,,
3:22:27,bf,ff,,,,,,,
3:22:28,bs,fs,,,,,,,
3:22:29,,,,,,,,,
3:23:00,,,,,,,,,
3:23:01,,,,,,,,,
3:23:02,,,,,,,,,
3:23:03,,,,,,,,,
3:23:04,,,,,,,,,
3:23:05,,,,,,,,,
3:23:06,,,,,,,,,
3:23:07,,,,,,,,,
3:23:08,,,,,,,,,
3:23:09,,,,,,,,,
3:23:10,,,,,,,,,
3:23:11,bf,,,,,,,,
3:23:12,bs,,,,,,,,
3:23:13,,,,,,,,,
3:23:14,,,,,,,,,
3:23:15,,,,,,,,,
3:23:16,,,,,,,,,
3:23:17,,ff,,,,,,,
3:23:18,,fs,,,,,,,
3:23:19,,,,,,,,,
3:23:20,,,,,,,,,
3:23:21,,,,,,,,,
3:23:22,,,,,,,,,
3:23:23,,,,,,,,,
3:23:24,,,,,,,,,
3:23:25,,,,,,,,,
3:23:26,,ff,,,,,,,
3:23:27,,fs,,,,,,,
3:23:28,,,,,,,,,
3:23:29,,,,,,,,,
3:24:00,bf,,,,,,,,
3:24:01,bs,,,,,,,,
3:24:02,,,,,,,,,
3:24:03,,,,,,,,,
3:24:04,,,,,,,,,
3:24:05,,,,,,,,,
3:24:06,,,,,,,,,
3:24:07,,,,,,,,,
3:24:08,,ff,,,,,,,
,,,,,,,a,2,
,,,,,,,,,15
3:37:07,fs,fs,,,,,,,
3:37:08,,,,,,,,,
3:37:09,,,,,,,,,
3:37:10,,,,,,,,,
3:37:11,,,,,,,,,
3:37:12,,,,,,,,,
3:37:13,,,,,,,,,
3:37:14,,,,,,,,,
3:37:15,,,,,,,,,
3:37:16,,,,,,,,,
3:37:17,,,,,,,,,
3:37:18,ff,ff,,,,,,,
3:37:19,fs,as,,,,,,,
3:37:20,,,,,,,,,
3:37:21,,,,,,,,,
3:37:22,,,,,,,,,
3:37:23,,,,,,,,,
3:37:24,ff,,,,,,,,
3:37:25,as,,,,,,,,
3:37:26,,,,,,,,,
3:37:27,,,,,,,,,
3:37:28,,,,,,,,,
3:37:29,,,,,,,,,
3:38:00,,,,,,,,,
3:38:01,,,,,,,,,
3:38:02,,,,,,,,,
3:38:03,af,,,,,,,,
3:38:04,,af,,,,,,,
,,,,,,,b,,
,,,,,,,,,16
3:46:29,fs,fs,,,,,,,
3:47:00,,,,,,,,,
3:47:01,,,,,,,,,
3:47:02,,,,,,,,,
3:47:03,,,,,,,,,
3:47:04,,,,,,,,,
3:47:05,,,,,,,,,
3:47:06,,,,,,,,,
3:47:07,,,,,,,,,
3:47:08,,,,,,,,,
3:47:09,,,,,,,,,
3:47:10,ff,ff,,,,,,,
3:47:11,fs,as,,,,,,,
3:47:12,,,,,,,,,
3:47:13,,,,,,,,,
3:47:14,,,,,,,,,
3:47:15,,,,,,,,,
3:47:16,,,,,,,,,
3:47:17,ff,,,,,,,,
3:47:18,as,,,,,,,,
3:47:19,,,,,,,,,
3:47:20,,,,,,,,,
3:47:21,,,,,,,,,
3:47:22,,,,,,,,,
3:47:23,,,,,,,,,
3:47:24,,,,,,,,,
3:47:25,af,af,,,,,,,
,,,,,,,b,,
,,,,,,,,,17
4:00:18,fs,fs,,,,,,,
4:00:19,,,,,,,,,
4:00:20,,,,,,,,,
4:00:21,,,,,,,,,
4:00:22,,,,,,,,,
4:00:23,,,,,,,,,
4:00:24,,,,,,,,,
4:00:25,,,,,,,,,
4:00:26,,,,,,,,,
4:00:27,,,,,,,,,
4:00:28,,,,,,,,,
4:00:29,ff,ff,,,,,,,
4:01:00,fs,as,,,,,,,
4:01:01,,,,,,,,,
4:01:02,,,,,,,,,
4:01:03,,,,,,,,,
4:01:04,,,,,,,,,
4:01:05,,,,,,,,,
4:01:06,,,,,,,,,
4:01:07,,,,,,,,,
4:01:08,,,,,,,,,
4:01:09,,,,,,,,,
4:01:10,ff,,,,,,,,
4:01:11,bs,,,,,,,,
4:01:12,,,,,,,,,
4:01:13,,af,,,,,,,
4:01:14,,,,,,,,,
4:01:15,,,,,,,,,
4:01:16,,,,,,,,,
4:01:17,,,,,,,,,
4:01:18,,,,,,,,,
4:01:19,,,,,,,,,
4:01:20,,,,,,,,,
4:01:21,bf,,,,,,,,
,,,,,,,a,1,
,,,,,,,,,18
4:12:16,fs,fs,,,,,,,
4:12:17,,,,,,,,,
4:12:18,,,,,,,,,
4:12:19,,,,,,,,,
4:12:20,,,,,,,,,
4:12:21,,,,,,,,,
4:12:22,,,,,,,,,
4:12:23,,,,,,,,,
4:12:24,,,,,,,,,
4:12:25,,,,,,,,,
4:12:26,ff,,,,,,,,
4:12:27,fs,ff,,,,,,,
4:12:28,,as,,,,,,,
4:12:29,,,,,,,,,
4:13:00,,,,,,,,,
4:13:01,,,,,,,,,
4:13:02,,,,,,,,,
4:13:03,,,,,,,,,
4:13:04,ff,,,,,,,,
4:13:05,as,,,,,,,,
4:13:06,,,,,,,,,
4:13:07,,,,,,,,,
4:13:08,,,,,,,,,
4:13:09,,,,,,,,,
4:13:10,,,,,,,,,
4:13:11,,,,,,,,,
4:13:12,,,,,,,,,
4:13:13,af,,,,,,,,
4:13:14,,,,,,,,,
4:13:15,,af,,,,,,,
,,,,,,,a,2,
,,,,,,,,,19
4:25:14,fs,fs,,,,,,,
4:25:15,,,,,,,,,
4:25:16,,,,,,,,,
4:25:17,,,,,,,,,
4:25:18,,,,,,,,,
4:25:19,,,,,,,,,
4:25:20,,,,,,,,,
4:25:21,,,,,,,,,
4:25:22,,,,,,,,,
4:25:23,,,,,,,,,
4:25:24,ff,,,,,,,,
4:25:25,fs,ff,,,,,,,
4:25:26,,as,,,,,,,
4:25:27,,,,,,,,,
4:25:28,,,,,,,,,
4:25:29,,,,,,,,,
4:26:00,,,,,,,,,
4:26:01,,,,,,,,,
4:26:02,,,,,,,,,
4:26:03,,,,,,,,,
4:26:04,ff,,,,,,,,
4:26:05,as,,,,,,,,
4:26:06,,,,,,,,,
4:26:07,,,,,,,,,
4:26:08,,,,,,,,,
4:26:09,,,,,,,,,
4:26:10,,,,,,,,,
4:26:11,,,,,,,,,
4:26:12,af,af,,,,,,,
,,,,,,,a,2,
,,,,,,,,,20
4:44:16,fs,,,,,,,,
4:44:17,,fs,,,,,,,
4:44:18,,,,,,,,,
4:44:19,,,,,,,,,
4:44:20,,,,,,,,,
4:44:21,,,,,,,,,
4:44:22,,,,,,,,,
4:44:23,,,,,,,,,
4:44:24,,,,,,,,,
4:44:25,,,,,,,,,
4:44:26,ff,,,,,,,,
4:44:27,fs,ff,,,,,,,
4:44:28,,fs,,,,,,,
4:44:29,,,,,,,,,
4:45:00,,,,,,,,,
4:45:01,,,,,,,,,
4:45:02,,,,,,,,,
4:45:03,ff,,,,,,,,
4:45:04,as,ff,,,,,,,
4:45:05,,bs,,,,,,,
4:45:06,,,,,,,,,
4:45:07,,,,,,,,,
4:45:08,,,,,,,,,
4:45:09,,,,,,,,,
4:45:10,,,,,,,,,
4:45:11,,,,,,,,,
4:45:12,af,,,,,,,,
4:45:13,,,,,,,,,
4:45:14,,,,,,,,,
4:45:15,,,,,,,,,
4:45:16,,,,,,,,,
4:45:17,,bf,,,,,,,
,,,,,,,a,2,
,,,,,,,,,21
5:09:29,fs,fs,,,,,,,
5:10:00,,,,,,,,,
5:10:01,,,,,,,,,
5:10:02,,,,,,,,,
5:10:03,,,,,,,,,
5:10:04,,,,,,,,,
5:10:05,,,,,,,,,
5:10:06,,,,,,,,,
5:10:07,,,,,,,,,
5:10:08,,,,,,,,,
5:10:09,,,,,,,,,
5:10:10,ff,,,,,,,,
5:10:11,fs,ff,,,,,,,
5:10:12,,fs,,,,,,,
5:10:13,,,,,,,,,
5:10:14,,,,,,,,,
5:10:15,,,,,,,,,
5:10:16,,,,,,,,,
5:10:17,,,,,,,,,
5:10:18,,,,,,,,,
5:10:19,,,,,,,,,
5:10:20,ff,,,,,,,,
5:10:21,as,,,,,,,,
5:10:22,,,,,,,,,
5:10:23,,,,,,,,,
5:10:24,,,,,,,,,
5:10:25,,ff,,,,,,,
5:10:26,,bs,,,,,,,
5:10:27,,,,,,,,,
5:10:28,,,,,,,,,
5:10:29,,,,,,,,,
5:11:00,,,,,,,,,
5:11:01,af,,,,,,,,
5:11:02,,,,,,,,,
5:11:03,,bf,,,,,,,
,,,,,,,a,1,
,,,,,,,,,22
5:21:27,fs,fs,,,,,,,
5:21:28,,,,,,,,,
5:21:29,,,,,,,,,
5:22:00,,,,,,,,,
5:22:01,,,,,,,,,
5:22:02,,,,,,,,,
5:22:03,,,,,,,,,
5:22:04,,,,,,,,,
5:22:05,,,,,,,,,
5:22:06,,ff,,,,,,,
5:22:07,ff,as,,,,,,,
5:22:08,fs,,,,,,,,
5:22:09,,,,,,,,,
5:22:10,,,,,,,,,
5:22:11,,,,,,,,,
5:22:12,,,,,,,,,
5:22:13,,,,,,,,,
5:22:14,,,,,,,,,
5:22:15,,,,,,,,,
5:22:16,,,,,,,,,
5:22:17,ff,,,,,,,,
5:22:18,bs,,,,,,,,
5:22:19,,,,,,,,,
5:22:20,,,,,,,,,
5:22:21,,,,,,,,,
5:22:22,,af,,,,,,,
5:22:23,,,,,,,,,
5:22:24,,,,,,,,,
5:22:25,,,,,,,,,
5:22:26,,,,,,,,,
5:22:27,,,,,,,,,
5:22:28,bf,,,,,,,,
,,,,,,,a,2,
,,,,,,,,,23
5:29:00,fs,,,,,,,,
5:29:01,,fs,,,,,,,
5:29:02,,,,,,,,,
5:29:03,,,,,,,,,
5:29:04,,,,,,,,,
5:29:05,,,,,,,,,
5:29:06,,,,,,,,,
5:29:07,,,,,,,,,
5:29:08,,,,,,,,,
5:29:09,ff,,,,,,,,
5:29:10,fs,,,,,,,,
5:29:11,,,,,,,,,
5:29:12,,,,,,,,,
5:29:13,,,,,,,,,
5:29:14,,ff,,,,,,,
5:29:15,,as,,,,,,,
5:29:16,,,,,,,,,
5:29:17,,,,,,,,,
5:29:18,,,,,,,,,
5:29:19,,,,,,,,,
5:29:20,ff,,,,,,,,
5:29:21,bs,,,,,,,,
5:29:22,,,,,,,,,
5:29:23,,,,,,,,,
5:29:24,,,,,,,,,
5:29:25,,,,,,,,,
5:29:26,,,,,,,,,
5:29:27,,af,,,,,,,
5:29:28,,,,,,,,,
5:29:29,,,,,,,,,
5:30:00,,,,,,,,,
5:30:01,,,,,,,,,
5:30:02,,,,,,,,,
5:30:03,,,,,,,,,
5:30:04,,,,,,,,,
5:30:05,,,,,,,,,
5:30:06,bf,,,,,,,,
,,,,,,,a,1,
,,,,,,,,,24
5:39:29,fs,fs,,,,,,,
5:40:00,,,,,,,,,
5:40:01,,,,,,,,,
5:40:02,,,,,,,,,
5:40:03,,,,,,,,,
5:40:04,,,,,,,,,
5:40:05,,ff,,,,,,,
5:40:06,ff,fs,,,,,,,
5:40:07,fs,,,,,,,,
5:40:08,,,,,,,,,
5:40:09,,,,,,,,,
5:40:10,,,,,,,,,
5:40:11,,,,,,,,,
5:40:12,,ff,,,,,,,
5:40:13,,as,,,,,,,
5:40:14,ff,,,,,,,,
5:40:15,as,,,,,,,,
5:40:16,,,,,,,,,
5:40:17,,,,,,,,,
5:40:18,,,,,,,,,
5:40:19,,,,,,,,,
5:40:20,,,,,,,,,
5:40:21,,,,,,,,,
5:40:22,af,,,,,,,,
5:40:23,,,,,,,,,
5:40:24,,af,,,,,,,
,,,,,,,a,1,
,,,,,,,,,25
5:50:08,fs,fs,,,,,,,
5:50:09,,,,,,,,,
5:50:10,,,,,,,,,
5:50:11,,,,,,,,,
5:50:12,,,,,,,,,
5:50:13,,,,,,,,,
5:50:14,,,,,,,,,
5:50:15,,,,,,,,,
5:50:16,,,,,,,,,
5:50:17,,,,,,,,,
5:50:18,ff,ff,,,,,,,
5:50:19,as,as,,,,,,,
5:50:20,,,,,,,,,
5:50:21,,,,,,,,,
5:50:22,,,,,,,,,
5:50:23,,,,,,,,,
5:50:24,,,,,,,,,
5:50:25,,,,,,,,,
5:50:26,,,,,,,,,
5:50:27,,,,,,,,,
5:50:28,,,,,,,,,
5:50:29,af,,,,,,,,
5:51:00,,,,,,,,,
5:51:01,,,,,,,,,
5:51:02,,,,,,,,,
5:51:03,,af,,,,,,,
,,,,,,,b,,
,,,,,,,,,26
5:59:22,fs,fs,,,,,,,
5:59:23,,,,,,,,,
5:59:24,,,,,,,,,
5:59:25,,,,,,,,,
5:59:26,,,,,,,,,
5:59:27,,,,,,,,,
5:59:28,,,,,,,,,
5:59:29,,,,,,,,,
6:00:00,,,,,,,,,
6:00:01,,,,,,,,,
6:00:02,,ff,,,,,,,
6:00:03,ff,fs,,,,,,,
6:00:04,as,,,,,,,,
6:00:05,,,,,,,,,
6:00:06,,,,,,,,,
6:00:07,,,,,,,,,
6:00:08,,,,,,,,,
6:00:09,,ff,,,,,,,
6:00:10,,bs,,,,,,,
6:00:11,,,,,,,,,
6:00:12,,,,,,,,,
6:00:13,,,,,,,,,
6:00:14,,,,,,,,,
6:00:15,,,,,,,,,
6:00:16,,,,,,,,,
6:00:17,,,,,,,,,
6:00:18,af,,,,,,,,
6:00:19,bs,,,,,,,,
6:00:20,,,,,,,,,
6:00:21,,,,,,,,,
6:00:22,,,,,,,,,
6:00:23,,,,,,,,,
6:00:24,,,,,,,,,
6:00:25,,,,,,,,,
6:00:26,,,,,,,,,
6:00:27,,,,,,,,,
6:00:28,bf,bf,,,,,,,
,,,,,,,r,2,
,,,,,,,,,27
6:11:29,fs,fs,,,,,,,
6:12:00,,,,,,,,,
6:12:01,,,,,,,,,
6:12:02,,,,,,,,,
6:12:03,,,,,,,,,
6:12:04,,,,,,,,,
6:12:05,,,,,,,,,
6:12:06,,,,,,,,,
6:12:07,,,,,,,,,
6:12:08,,ff,,,,,,,
6:12:09,ff,fs,,,,,,,
6:12:10,fs,,,,,,,,
6:12:11,,,,,,,,,
6:12:12,,,,,,,,,
6:12:13,,,,,,,,,
6:12:14,,,,,,,,,
6:12:15,,,,,,,,,
6:12:16,,,,,,,,,
6:12:17,,,,,,,,,
6:12:18,ff,ff,,,,,,,
6:12:19,bs,bs,,,,,,,
6:12:20,,,,,,,,,
6:12:21,,,,,,,,,
6:12:22,,,,,,,,,
6:12:23,,,,,,,,,
6:12:24,,,,,,,,,
6:12:25,,,,,,,,,
6:12:26,,,,,,,,,
6:12:27,,,,,,,,,
6:12:28,bf,,,,,,,,
6:12:29,fs,,,,,,,,
6:13:00,,,,,,,,,
6:13:01,,bf,,,,,,,
6:13:02,,bs,,,,,,,
6:13:03,,,,,,,,,
6:13:04,,,,,,,,,
6:13:05,,,,,,,,,
6:13:06,,,,,,,,,
6:13:07,ff,,,,,,,,
6:13:08,fs,,,,,,,,
6:13:09,,,,,,,,,
6:13:10,,,,,,,,,
6:13:11,,bf,,,,,,,
6:13:12,,bs,,,,,,,
6:13:13,,,,,,,,,
6:13:14,,,,,,,,,
6:13:15,,,,,,,,,
6:13:16,,,,,,,,,
6:13:17,ff,,,,,,,,
6:13:18,fs,,,,,,,,
6:13:19,,,,,,,,,
6:13:20,,,,,,,,,
6:13:21,,,,,,,,,
6:13:22,,,,,,,,,
6:13:23,,,,,,,,,
6:13:24,,,,,,,,,
6:13:25,,,,,,,,,
6:13:26,,bf,,,,,,,
6:13:27,,bs,,,,,,,
6:13:28,,,,,,,,,
6:13:29,,,,,,,,,
6:14:00,,,,,,,,,
6:14:01,,,,,,,,,
6:14:02,ff,,,,,,,,
6:14:03,fs,,,,,,,,
6:14:04,,,,,,,,,
6:14:05,,,,,,,,,
6:14:06,,,,,,,,,
6:14:07,,,,,,,,,
6:14:08,,,,,,,,,
6:14:09,,,,,,,,,
6:14:10,ff,,,,,,,,
6:14:11,fs,,,,,,,,
6:14:12,,bf,,,,,,,
6:14:13,,bs,,,,,,,
6:14:14,,,,,,,,,
6:14:15,,,,,,,,,
6:14:16,,,,,,,,,
6:14:17,,,,,,,,,
6:14:18,,,,,,,,,
6:14:19,,,,,,,,,
6:14:20,,,,,,,,,
6:14:21,,,,,,,,,
6:14:22,,,,,,,,,
6:14:23,ff,bf,,,,,,,
6:14:24,fs,bs,,,,,,,
6:14:25,,,,,,,,,
6:14:26,,,,,,,,,
6:14:27,,,,,,,,,
6:14:28,,,,,,,,,
6:14:29,ff,,,,,,,,
6:15:00,fs,,,,,,,,
6:15:01,,,,,,,,,
6:15:02,,,,,,,,,
6:15:03,,,,,,,,,
6:15:04,,bf,,,,,,,
6:15:05,,fs,,,,,,,
6:15:06,,,,,,,,,
6:15:07,,,,,,,,,
6:15:08,,,,,,,,,
6:15:09,,,,,,,,,
6:15:10,,,,,,,,,
6:15:11,,,,,,,,,
6:15:12,,,,,,,,,
6:15:13,,,,,,,,,
6:15:14,,,,,,,,,
6:15:15,,ff,,,,,,,
6:15:16,,fs,,,,,,,
6:15:17,,,,,,,,,
6:15:18,,,,,,,,,
6:15:19,ff,,,,,,,,
6:15:20,fs,,,,,,,,
6:15:21,,,,,,,,,
6:15:22,,,,,,,,,
6:15:23,,,,,,,,,
6:15:24,,,,,,,,,
6:15:25,,,,,,,,,
6:15:26,,,,,,,,,
6:15:27,,,,,,,,,
6:15:28,,,,,,,,,
6:15:29,,,,,,,,,
6:16:00,ff,,,,,,,,
6:16:01,,,,,,,,,
6:16:02,,,,,,,,,
6:16:03,,ff,,,,,,,
,,,,,,,a,1,
,,,,,,,,,28
6:29:00,fs,fs,,,,,,,
6:29:01,,,,,,,,,
6:29:02,,,,,,,,,
6:29:03,,,,,,,,,
6:29:04,,,,,,,,,
6:29:05,,,,,,,,,
6:29:06,,,,,,,,,
6:29:07,,,,,,,,,
6:29:08,,,,,,,,,
6:29:09,,,,,,,,,
6:29:10,,ff,,,,,,,
6:29:11,ff,fs,,,,,,,
6:29:12,fs,,,,,,,,
6:29:13,,,,,,,,,
6:29:14,,,,,,,,,
6:29:15,,,,,,,,,
6:29:16,,,,,,,,,
6:29:17,,,,,,,,,
6:29:18,,,,,,,,,
6:29:19,,,,,,,,,
6:29:20,ff,,,,,,,,
6:29:21,bs,ff,,,,,,,
6:29:22,,bs,,,,,,,
6:29:23,,,,,,,,,
6:29:24,,,,,,,,,
6:29:25,,,,,,,,,
6:29:26,,,,,,,,,
6:29:27,,,,,,,,,
6:29:28,,,,,,,,,
6:29:29,,,,,,,,,
6:30:00,,,,,,,,,
6:30:01,,,,,,,,,
6:30:02,bf,bf,,,,,,,
6:30:03,as,fs,,,,,,,
6:30:04,,,,,,,,,
6:30:05,,,,,,,,,
6:30:06,,,,,,,,,
6:30:07,,,,,,,,,
6:30:08,,,,,,,,,
6:30:09,,,,,,,,,
6:30:10,,,,,,,,,
6:30:11,,,,,,,,,
6:30:12,,,,,,,,,
6:30:13,,ff,,,,,,,
6:30:14,,bs,,,,,,,
6:30:15,,,,,,,,,
6:30:16,,,,,,,,,
6:30:17,,,,,,,,,
6:30:18,af,,,,,,,,
6:30:19,,,,,,,,,
6:30:20,,,,,,,,,
6:30:21,,,,,,,,,
6:30:22,,,,,,,,,
6:30:23,,,,,,,,,
6:30:24,,,,,,,,,
6:30:25,,,,,,,,,
6:30:26,,,,,,,,,
6:30:27,,,,,,,,,
6:30:28,fs,,,,,,,,
6:30:29,,,,,,,,,
6:31:00,,,,,,,,,
6:31:01,,,,,,,,,
6:31:02,,,,,,,,,
6:31:03,,,,,,,,,
6:31:04,,,,,,,,,
6:31:05,,,,,,,,,
6:31:06,,,,,,,,,
6:31:07,,bf,,,,,,,
6:31:08,,,,,,,,,
6:31:09,,,,,,,,,
6:31:10,ff,,,,,,,,
6:31:11,fs,,,,,,,,
6:31:12,,,,,,,,,
6:31:13,,,,,,,,,
6:31:14,,,,,,,,,
6:31:15,,,,,,,,,
6:31:16,,,,,,,,,
6:31:17,,,,,,,,,
6:31:18,,,,,,,,,
6:31:19,ff,,,,,,,,
6:31:20,bs,,,,,,,,
6:31:21,,,,,,,,,
6:31:22,,,,,,,,,
6:31:23,,,,,,,,,
6:31:24,,,,,,,,,
6:31:25,,,,,,,,,
6:31:26,,,,,,,,,
6:31:27,bf,,,,,,,,
6:31:28,bs,,,,,,,,
6:31:29,,fs,,,,,,,
6:32:00,,,,,,,,,
6:32:01,,,,,,,,,
6:32:02,,,,,,,,,
6:32:03,,,,,,,,,
6:32:04,,,,,,,,,
6:32:05,,,,,,,,,
6:32:06,,,,,,,,,
6:32:07,,,,,,,,,
6:32:08,,,,,,,,,
6:32:09,bf,,,,,,,,
6:32:10,bs,,,,,,,,
6:32:11,,,,,,,,,
6:32:12,,ff,,,,,,,
6:32:13,,as,,,,,,,
6:32:14,,,,,,,,,
6:32:15,,,,,,,,,
6:32:16,,,,,,,,,
6:32:17,,,,,,,,,
6:32:18,bf,,,,,,,,
6:32:19,,,,,,,,,
6:32:20,,,,,,,,,
6:32:21,,,,,,,,,
6:32:22,,,,,,,,,
6:32:23,,,,,,,,,
6:32:24,,af,,,,,,,
,,,,,,,a,2,
,,,,,,,,,29
6:47:00,fs,fs,,,,,,,
6:47:01,,,,,,,,,
6:47:02,,,,,,,,,
6:47:03,,,,,,,,,
6:47:04,,,,,,,,,
6:47:05,,,,,,,,,
6:47:06,,,,,,,,,
6:47:07,,,,,,,,,
6:47:08,,,,,,,,,
6:47:09,,,,,,,,,
6:47:10,,,,,,,,,
6:47:11,ff,,,,,,,,
6:47:12,fs,ff,,,,,,,
6:47:13,,as,,,,,,,
6:47:14,,,,,,,,,
6:47:15,,,,,,,,,
6:47:16,,,,,,,,,
6:47:17,,,,,,,,,
6:47:18,,,,,,,,,
6:47:19,,,,,,,,,
6:47:20,ff,,,,,,,,
6:47:21,as,,,,,,,,
6:47:22,,,,,,,,,
6:47:23,,,,,,,,,
6:47:24,,,,,,,,,
6:47:25,,,,,,,,,
6:47:26,,,,,,,,,
6:47:27,af,af,,,,,,,
,,,,,,,b,,
,,,,,,,,,30
6:59:12,,fs,,,,,,,
6:59:13,fs,,,,,,,,
6:59:14,,,,,,,,,
6:59:15,,,,,,,,,
6:59:16,,,,,,,,,
6:59:17,,,,,,,,,
6:59:18,,,,,,,,,
6:59:19,,,,,,,,,
6:59:20,,ff,,,,,,,
6:59:21,,fs,,,,,,,
6:59:22,,,,,,,,,
6:59:23,,,,,,,,,
6:59:24,ff,,,,,,,,
6:59:25,fs,,,,,,,,
6:59:26,,,,,,,,,
6:59:27,,,,,,,,,
6:59:28,,,,,,,,,
6:59:29,,ff,,,,,,,
7:00:00,,as,,,,,,,
7:00:01,,,,,,,,,
7:00:02,ff,,,,,,,,
7:00:03,as,,,,,,,,
7:00:04,,,,,,,,,
7:00:05,,,,,,,,,
7:00:06,,,,,,,,,
7:00:07,,,,,,,,,
7:00:08,,,,,,,,,
7:00:09,,,,,,,,,
7:00:10,af,af,,,,,,,
,,,,,,,a,1,
,,,,,,,,,31
7:13:11,fs,fs,,,,,,,
7:13:12,,,,,,,,,
7:13:13,,,,,,,,,
7:13:14,,,,,,,,,
7:13:15,,,,,,,,,
7:13:16,,,,,,,,,
7:13:17,,,,,,,,,
7:13:18,,,,,,,,,
7:13:19,,,,,,,,,
7:13:20,,,,,,,,,
7:13:21,,,,,,,,,
7:13:22,,ff,,,,,,,
7:13:23,ff,as,,,,,,,
7:13:24,as,,,,,,,,
7:13:25,,,,,,,,,
7:13:26,,,,,,,,,
7:13:27,,,,,,,,,
7:13:28,,,,,,,,,
7:13:29,,,,,,,,,
7:14:00,,,,,,,,,
7:14:01,,,,,,,,,
7:14:02,,,,,,,,,
7:14:03,,,,,,,,,
7:14:04,,,,,,,,,
7:14:05,,,,,,,,,
7:14:06,af,af,,,,,,,
,,,,,,,b,,
,,,,,,,,,32
7:14:09,fs,fs,,,,,,,
7:14:10,,,,,,,,,
7:14:11,,,,,,,,,
7:14:12,,,,,,,,,
7:14:13,,,,,,,,,
7:14:14,,,,,,,,,
7:14:15,,,,,,,,,
7:14:16,,,,,,,,,
7:14:17,,,,,,,,,
7:14:18,,,,,,,,,
7:14:19,,,,,,,,,
7:14:20,,,,,,,,,
7:14:21,,,,,,,,,
7:14:22,,,,,,,,,
7:14:23,,ff,,,,,,,
7:14:24,,as,,,,,,,
7:14:25,ff,,,,,,,,
7:14:26,fs,,,,,,,,
7:14:27,,,,,,,,,
7:14:28,,,,,,,,,
7:14:29,,,,,,,,,
7:15:00,,,,,,,,,
7:15:01,,,,,,,,,
7:15:02,,,,,,,,,
7:15:03,ff,,,,,,,,
7:15:04,bs,,,,,,,,
7:15:05,,,,,,,,,
7:15:06,,,,,,,,,
7:15:07,,,,,,,,,
7:15:08,,,,,,,,,
7:15:09,,,,,,,,,
7:15:10,,,,,,,,,
7:15:11,,,,,,,,,
7:15:12,,,,,,,,,
7:15:13,,af,,,,,,,
7:15:14,,,,,,,,,
7:15:15,,,,,,,,,
7:15:16,,,,,,,,,
7:15:17,,,,,,,,,
7:15:18,,,,,,,,,
7:15:19,bf,,,,,,,,
,,,,,,,r,1,
,,,,,,,,,33
7:36:14,fs,fs,,,,,,,
7:36:15,,,,,,,,,
7:36:16,,,,,,,,,
7:36:17,,,,,,,,,
7:36:18,,,,,,,,,
7:36:19,,,,,,,,,
7:36:20,,,,,,,,,
7:36:21,,,,,,,,,
7:36:22,,,,,,,,,
7:36:23,,,,,,,,,
7:36:24,ff,ff,,,,,,,
7:36:25,fs,fs,,,,,,,
7:36:26,,,,,,,,,
7:36:27,,,,,,,,,
7:36:28,,,,,,,,,
7:36:29,,,,,,,,,
7:37:00,,,,,,,,,
7:37:01,,,,,,,,,
7:37:02,ff,,,,,,,,
7:37:03,as,ff,,,,,,,
7:37:04,,bs,,,,,,,
7:37:05,,,,,,,,,
7:37:06,,,,,,,,,
7:37:07,,,,,,,,,
7:37:08,,,,,,,,,
7:37:09,,,,,,,,,
7:37:10,,,,,,,,,
7:37:11,,,,,,,,,
7:37:12,af,,,,,,,,
7:37:13,bs,,,,,,,,
7:37:14,,,,,,,,,
7:37:15,,bf,,,,,,,
7:37:16,,bs,,,,,,,
7:37:17,,,,,,,,,
7:37:18,,,,,,,,,
7:37:19,,,,,,,,,
7:37:20,,,,,,,,,
7:37:21,,,,,,,,,
7:37:22,,,,,,,,,
7:37:23,,,,,,,,,
7:37:24,,,,,,,,,
7:37:25,,,,,,,,,
7:37:26,,,,,,,,,
7:37:27,,bf,,,,,,,
7:37:28,,,,,,,,,
7:37:29,,,,,,,,,
7:38:00,,,,,,,,,
7:38:01,,,,,,,,,
7:38:02,,,,,,,,,
7:38:03,,,,,,,,,
7:38:04,,,,,,,,,
7:38:05,,,,,,,,,
7:38:06,,,,,,,,,
7:38:07,,,,,,,,,
7:38:08,,,,,,,,,
7:38:09,,,,,,,,,
7:38:10,,,,,,,,,
7:38:11,,,,,,,,,
7:38:12,bf,,,,,,,,
,,,,,,,i,,
,,,,,,,,,34
8:07:21,fs,fs,,,,,,,
8:07:22,,,,,,,,,
8:07:23,,,,,,,,,
8:07:24,,,,,,,,,
8:07:25,,,,,,,,,
8:07:26,,,,,,,,,
8:07:27,,,,,,,,,
8:07:28,,,,,,,,,
8:07:29,,,,,,,,,
8:08:00,,,,,,,,,
8:08:01,,,,,,,,,
8:08:02,,ff,,,,,,,
8:08:03,ff,fs,,,,,,,
8:08:04,as,,,,,,,,
8:08:05,,,,,,,,,
8:08:06,,,,,,,,,
8:08:07,,,,,,,,,
8:08:08,,,,,,,,,
8:08:09,,ff,,,,,,,
8:08:10,,bs,,,,,,,
8:08:11,,,,,,,,,
8:08:12,,,,,,,,,
8:08:13,,,,,,,,,
8:08:14,af,,,,,,,,
8:08:15,bs,,,,,,,,
8:08:16,,,,,,,,,
8:08:17,,,,,,,,,
8:08:18,,,,,,,,,
8:08:19,,,,,,,,,
8:08:20,,,,,,,,,
8:08:21,,,,,,,,,
8:08:22,,,,,,,,,
8:08:23,,,,,,,,,
8:08:24,,,,,,,,,
8:08:25,,,,,,,,,
8:08:26,,bf,,,,,,,
8:08:27,,,,,,,,,
8:08:28,,,,,,,,,
8:08:29,,,,,,,,,
8:09:00,,,,,,,,,
8:09:01,,,,,,,,,
8:09:02,,,,,,,,,
8:09:03,bf,,,,,,,,
,,,,,,,r,2,
,,,,,,,,,35
8:22:18,fs,fs,,,,,,,
8:22:19,,,,,,,,,
8:22:20,,,,,,,,,
8:22:21,,,,,,,,,
8:22:22,,,,,,,,,
8:22:23,,,,,,,,,
8:22:24,,,,,,,,,
8:22:25,,,,,,,,,
8:22:26,,,,,,,,,
8:22:27,,,,,,,,,
8:22:28,ff,ff,,,,,,,
8:22:29,fs,fs,,,,,,,
8:23:00,,,,,,,,,
8:23:01,,,,,,,,,
8:23:02,,,,,,,,,
8:23:03,,,,,,,,,
8:23:04,,,,,,,,,
8:23:05,,,,,,,,,
8:23:06,,,,,,,,,
8:23:07,ff,ff,,,,,,,
8:23:08,as,bs,,,,,,,
8:23:09,,,,,,,,,
8:23:10,,,,,,,,,
8:23:11,,,,,,,,,
8:23:12,,,,,,,,,
8:23:13,,,,,,,,,
8:23:14,,,,,,,,,
8:23:15,,,,,,,,,
8:23:16,,,,,,,,,
8:23:17,,,,,,,,,
8:23:18,af,,,,,,,,
8:23:19,,,,,,,,,
8:23:20,,,,,,,,,
8:23:21,,,,,,,,,
8:23:22,,bf,,,,,,,
,,,,,,,a,1,
,,,,,,,,,36
8:36:12,fs,fs,,,,,,,
8:36:13,,,,,,,,,
8:36:14,,,,,,,,,
8:36:15,,,,,,,,,
8:36:16,,,,,,,,,
8:36:17,,,,,,,,,
8:36:18,,,,,,,,,
8:36:19,,,,,,,,,
8:36:20,,ff,,,,,,,
8:36:21,ff,fs,,,,,,,
8:36:22,fs,,,,,,,,
8:36:23,,,,,,,,,
8:36:24,,,,,,,,,
8:36:25,,,,,,,,,
8:36:26,,,,,,,,,
8:36:27,,,,,,,,,
8:36:28,,,,,,,,,
8:36:29,ff,ff,,,,,,,
8:37:00,as,as,,,,,,,
8:37:01,,,,,,,,,
8:37:02,,,,,,,,,
8:37:03,,,,,,,,,
8:37:04,,,,,,,,,
8:37:05,,,,,,,,,
8:37:06,,,,,,,,,
8:37:07,,,,,,,,,
8:37:08,,,,,,,,,
8:37:09,af,,,,,,,,
8:37:10,,,,,,,,,
8:37:11,,af,,,,,,,
,,,,,,,a,1,
,,,,,,,,,37
8:52:23,fs,fs,,,,,,,
8:52:24,,,,,,,,,
8:52:25,,,,,,,,,
8:52:26,,,,,,,,,
8:52:27,,,,,,,,,
8:52:28,,,,,,,,,
8:52:29,,,,,,,,,
8:53:00,,,,,,,,,
8:53:01,,,,,,,,,
8:53:02,,,,,,,,,
8:53:03,,,,,,,,,
8:53:04,ff,ff,,,,,,,
8:53:05,fs,fs,,,,,,,
8:53:06,,,,,,,,,
8:53:07,,,,,,,,,
8:53:08,,,,,,,,,
8:53:09,,,,,,,,,
8:53:10,,,,,,,,,
8:53:11,,,,,,,,,
8:53:12,,ff,,,,,,,
8:53:13,,bs,,,,,,,
8:53:14,,,,,,,,,
8:53:15,,bf,,,,,,,
8:53:16,ff,fs,,,,,,,
8:53:17,bs,,,,,,,,
8:53:18,,,,,,,,,
8:53:19,,,,,,,,,
8:53:20,,,,,,,,,
8:53:21,,,,,,,,,
8:53:22,,ff,,,,,,,
8:53:23,bf,fs,,,,,,,
8:53:24,fs,,,,,,,,
8:53:25,,,,,,,,,
8:53:26,,,,,,,,,
8:53:27,,,,,,,,,
8:53:28,,ff,,,,,,,
8:53:29,,bs,,,,,,,
8:54:00,,,,,,,,,
8:54:01,,,,,,,,,
8:54:02,,,as,,,,,,
8:54:03,,,,,,,,,
8:54:04,,,,,,,,,
8:54:05,,,,,,,,,
8:54:06,,,,,,,,,
8:54:07,ff,,,,,,,,
8:54:08,as,,,,,,,,
8:54:09,,,,,,,,,
8:54:10,,bf,,,,,,,
8:54:11,,bs,,,,,,,
8:54:12,,,h,,5,,,,
8:54:13,,,,,,,,,
8:54:14,,,,,,,,,
8:54:15,,,,,,,,,
8:54:16,,,,,,,,,
8:54:17,,,,,,,,,
8:54:18,,,,,,,,,
8:54:19,af,,,,,,,,
8:54:20,,,,,,,,,
8:54:21,,,,,,,,,
8:54:22,,,,,,,,,
8:54:23,,,,,,,,,
8:54:24,,,,,,,,,
8:54:25,,,,,,,,,
8:54:26,,bf,,,,,,,
,,,,,,,a,1,
