time,foot1,foot2,hand1,hand2,pos1,pos2,parry_pos1,parry_pos2,ground,result,flow,score,bout,
,,,,,,,,,,,,,1,
3:18:06,fs,fs,,,,,,,,,,,,
3:18:07,,,,,,,,,,,,,,
3:18:08,,,,,,,,,,,,,,
3:18:09,,,,,,,,,,,,,,
3:18:10,,,,,,,,,,,,,,
3:18:11,,,,,,,,,,,,,,
3:18:12,,,,,,,,,,,,,,
3:18:13,,,,,,,,,,,,,,
3:18:14,,,,,,,,,,,,,,
3:18:15,,,,,,,,,,,,,,
3:18:16,,,,,,,,,,,,,,
3:18:17,ff,ff,,,,,,,,,,,,
3:18:18,fs,as,,,,,,,,,,,,
3:18:19,,,,,,,,,,,,,,
3:18:20,,,,,,,,,,,,,,
3:18:21,,,,,,,,,,,,,,
3:18:22,,,,,,,,,,,,,,
3:18:23,,,,,,,,,,,,,,
3:18:24,ff,,,,,,,,,,,,,
3:18:25,as,,,as,,,,,,,,,,
3:18:26,,,,,,,,,,,,,,
3:18:27,,,,,,,,,,,,,,
3:18:28,,,as,,,,,,,,,,,
3:18:29,,,,,,,,,,,,,,
3:19:01,,af,,h,,4,,,7,,,,,
3:19:02,af,,h,,4,,,,7,,,,,
,,,,,,,,,,b,ffb,,,
,,,,,,,,,,,,,2,
3:28:05,fs,fs,,,,,,,,,,,,
3:28:06,,,,,,,,,,,,,,
3:28:07,,,,,,,,,,,,,,
3:28:08,,,,,,,,,,,,,,
3:28:09,,,,,,,,,,,,,,
3:28:10,,,,,,,,,,,,,,
3:28:11,,,,,,,,,,,,,,
3:28:12,,,,,,,,,,,,,,
3:28:13,,,,,,,,,,,,,,
3:28:14,,,,,,,,,,,,,,
3:28:15,,ff,,,,,,,,,,,,
3:28:16,ff,as,,,,,,,,,,,,
3:28:17,fs,,,,,,,,,,,,,
3:28:18,,,,,,,,,,,,,,
3:28:19,,,,,,,,,,,,,,
3:28:20,,,,,,,,,,,,,,
3:28:21,,,,,,,,,,,,,,
3:28:22,,,,,,,,,,,,,,
3:28:23,,,,,,,,,,,,,,
3:28:24,,,,,,,,,,,,,,
3:28:25,ff,,,as,,,,,,,,,,
3:28:26,bs,,,,,,,,,,,,,
3:28:27,,,,,,,,,,,,,,
3:28:28,,,,,,,,,,,,,,
3:28:29,,,,,,,,,,,,,,
3:29:00,,af,,,,,,,,,,,,
3:29:01,,,,,,,,,,,,,,
3:29:02,,,,h,,4,,,6,,,,,
3:29:03,,,,,,,,,,,,,,
3:29:04,,,,,,,,,,,,,,
3:29:05,,,,,,,,,,,,,,
3:29:06,,,,,,,,,,,,,,
3:29:07,bf,,,,,,,,,,,,,
,,,,,,,,,,a,bff,2,,
,,,,,,,,,,,,,3,
3:47:18,fs,fs,,,,,,,,,,,,
3:47:19,,,,,,,,,,,,,,
3:47:20,,,,,,,,,,,,,,
3:47:21,,,,,,,,,,,,,,
3:47:22,,,,,,,,,,,,,,
3:47:23,,,,,,,,,,,,,,
3:47:24,,,,,,,,,,,,,,
3:47:25,,,,,,,,,,,,,,
3:47:26,,,,,,,,,,,,,,
3:47:27,,,,,,,,,,,,,,
3:47:28,,,,,,,,,,,,,,
3:47:29,,,,,,,,,,,,,,
3:48:00,ff,ff,,,,,,,,,,,,
3:48:01,fs,as,,,,,,,,,,,,
3:48:02,,,,,,,,,,,,,,
3:48:03,,,,,,,,,,,,,,
3:48:04,,,,,,,,,,,,,,
3:48:05,,,,,,,,,,,,,,
3:48:06,ff,,,,,,,,,,,,,
3:48:07,as,,,as,,,,,,,,,,
3:48:08,,,as,,,,,,,,,,,
3:48:09,,,,,,,,,,,,,,
3:48:10,,,,,,,,,,,,,,
3:48:11,,,,,,,,,,,,,,
3:48:12,,,,,,,,,,,,,,
3:48:13,,af,,h,,4,,,7,,,,,
3:48:14,af,,h,,4,,,,7,,,,,
,,,,,,,,,,b,ffb,,,
,,,,,,,,,,,,,4,
3:57:10,fs,fs,,,,,,,,,,,,
3:57:11,,,,,,,,,,,,,,
3:57:12,,,,,,,,,,,,,,
3:57:13,,,,,,,,,,,,,,
3:57:14,,,,,,,,,,,,,,
3:57:15,,,,,,,,,,,,,,
3:57:16,,,,,,,,,,,,,,
3:57:17,,,,,,,,,,,,,,
3:57:18,,,,,,,,,,,,,,
3:57:19,,,,,,,,,,,,,,
3:57:20,,,,,,,,,,,,,,
3:57:21,,,,,,,,,,,,,,
3:57:22,,,,,,,,,,,,,,
3:57:23,ff,ff,,,,,,,,,,,,
3:57:24,as,as,,,,,,,,,,,,
3:57:25,,,,,,,,,,,,,,
3:57:26,,,,,,,,,,,,,,
3:57:27,,,,,,,,,,,,,,
3:57:28,,,,,,,,,,,,,,
3:57:29,,,as,as,,,,,,,,,,
3:58:00,,,,,,,,,,,,,,
3:58:01,,,,,,,,,,,,,,
3:58:02,,,,,,,,,,,,,,
3:58:03,,,,,,,,,,,,,,
3:58:04,,af,,h,,5,,,7,,,,,
3:58:05,af,,h,,4,,,,7,,,,,
,,,,,,,,,,b,ffb,,,
,,,,,,,,,,,,,5,
4:07:13,fs,fs,,,,,,,,,,,,
4:07:14,,,,,,,,,,,,,,
4:07:15,,,,,,,,,,,,,,
4:07:16,,,,,,,,,,,,,,
4:07:17,,,,,,,,,,,,,,
4:07:18,,,,,,,,,,,,,,
4:07:19,,,,,,,,,,,,,,
4:07:20,,,,,,,,,,,,,,
4:07:21,,,,,,,,,,,,,,
4:07:22,,,,,,,,,,,,,,
4:07:23,ff,ff,,,,,,,,,,,,
4:07:24,fs,as,,,,,,,,,,,,
4:07:25,,,,,,,,,,,,,,
4:07:26,,,,,,,,,,,,,,
4:07:27,,,,,,,,,,,,,,
4:07:28,,,,,,,,,,,,,,
4:07:29,ff,,,,,,,,,,,,,
4:08:00,as,,,,,,,,,,,,,
4:08:01,,,as,as,,,,,,,,,,
4:08:02,,,,,,,,,,,,,,
4:08:03,,,,,,,,,,,,,,
4:08:04,,,,,,,,,,,,,,
4:08:05,,,,,,,,,,,,,,
4:08:06,,,h,,4,,,,7,,,,,
4:08:07,af,af,,h,,5,,,7,,,,,
,,,,,,,,,,a,ff2,2,,
,,,,,,,,,,,,,6,
4:22:19,fs,fs,,,,,,,,,,,,
4:22:20,,,,,,,,,,,,,,
4:22:21,,,,,,,,,,,,,,
4:22:22,,,,,,,,,,,,,,
4:22:23,,,,,,,,,,,,,,
4:22:24,,,,,,,,,,,,,,
4:22:25,,,,,,,,,,,,,,
4:22:26,,,,,,,,,,,,,,
4:22:27,,,,,,,,,,,,,,
4:22:28,,,,,,,,,,,,,,
4:22:29,,ff,,,,,,,,,,,,
4:23:00,ff,as,,,,,,,,,,,,
4:23:01,as,,,,,,,,,,,,,
4:23:02,,,,,,,,,,,,,,
4:23:03,,,,,,,,,,,,,,
4:23:04,,,,,,,,,,,,,,
4:23:05,,,,,,,,,,,,,,
4:23:06,,,,as,,,,,,,,,,
4:23:07,,,as,,,,,,,,,,,
4:23:08,,,,,,,,,,,,,,
4:23:09,,,,,,,,,,,,,,
4:23:10,,,,,,,,,,,,,,
4:23:11,,af,,h,,5,,,7,,,,,
4:23:12,,,h,,4,,,,7,,,,,
4:23:13,af,,,,,,,,,,,,,
,,,,,,,,,,b,ffb,,,
,,,,,,,,,,,,,7,
4:32:00,fs,fs,,,,,,,,,,,,
4:32:01,,,,,,,,,,,,,,
4:32:02,,,,,,,,,,,,,,
4:32:03,,,,,,,,,,,,,,
4:32:04,,,,,,,,,,,,,,
4:32:05,,,,,,,,,,,,,,
4:32:06,,,,,,,,,,,,,,
4:32:07,,,,,,,,,,,,,,
4:32:08,,,,,,,,,,,,,,
4:32:09,,,,,,,,,,,,,,
4:32:10,,,,,,,,,,,,,,
4:32:11,ff,,,,,,,,,,,,,
4:32:12,fs,ff,,,,,,,,,,,,
4:32:13,,as,,,,,,,,,,,,
4:32:14,,,,,,,,,,,,,,
4:32:15,,,,,,,,,,,,,,
4:32:16,,,,,,,,,,,,,,
4:32:17,,,,,,,,,,,,,,
4:32:18,,,,,,,,,,,,,,
4:32:19,ff,,,,,,,,,,,,,
4:32:20,bs,,,as,,,,,,,,,,
4:32:21,,,,,,,,,,,,,,
4:32:22,,,,,,,,,,,,,,
4:32:23,,,,,,,,,,,,,,
4:32:24,,,ps,,,,,,,,,,,
4:32:25,,af,p,af,,5,5,,6,,,,,
4:32:26,,,rs,,,,,,,,,,,
4:32:27,,,,,,,,,,,,,,
4:32:28,,,,,,,,,,,,,,
4:32:29,,,,,,,,,,,,,,
4:33:00,bf,,,,,,,,,,,,,
4:33:01,,,h,,5,,,,6,,,,,
,,,,,,,,,,r,bfr,1,,
,,,,,,,,,,,,,8,
4:49:28,fs,fs,,,,,,,,,,,,
4:49:29,,,,,,,,,,,,,,
4:50:00,,,,,,,,,,,,,,
4:50:01,,,,,,,,,,,,,,
4:50:02,,,,,,,,,,,,,,
4:50:03,,,,,,,,,,,,,,
4:50:04,,,,,,,,,,,,,,
4:50:05,,,,,,,,,,,,,,
4:50:06,,,,,,,,,,,,,,
4:50:07,,ff,,,,,,,,,,,,
4:50:08,ff,as,,,,,,,,,,,,
4:50:09,fs,,,,,,,,,,,,,
4:50:10,,,,,,,,,,,,,,
4:50:11,,,,,,,,,,,,,,
4:50:12,,,,,,,,,,,,,,
4:50:13,,,,,,,,,,,,,,
4:50:14,,,,,,,,,,,,,,
4:50:15,,,,,,,,,,,,,,
4:50:16,ff,,,,,,,,,,,,,
4:50:17,as,,,as,,,,,,,,,,
4:50:18,,,as,,,,,,,,,,,
4:50:19,,,,,,,,,,,,,,
4:50:20,,,,,,,,,,,,,,
4:50:21,,,,,,,,,,,,,,
4:50:22,,,,,,,,,,,,,,
4:50:23,af,af,,h,,4,,,7,,,,,
4:50:24,,,h,,5,,,,7,,,,,
,,,,,,,,,,a,ff2,2,,
,,,,,,,,,,,,,9,
5:09:12,fs,fs,,,,,,,,,,,,
5:09:13,,,,,,,,,,,,,,
5:09:14,,,,,,,,,,,,,,
5:09:15,,,,,,,,,,,,,,
5:09:16,,,,,,,,,,,,,,
5:09:17,,,,,,,,,,,,,,
5:09:18,,,,,,,,,,,,,,
5:09:19,,,,,,,,,,,,,,
5:09:20,,,,,,,,,,,,,,
5:09:21,,ff,,,,,,,,,,,,
5:09:22,ff,fs,,,,,,,,,,,,
5:09:23,fs,,,,,,,,,,,,,
5:09:24,,,,,,,,,,,,,,
5:09:25,,,,,,,,,,,,,,
5:09:26,,,,,,,,,,,,,,
5:09:27,,,,,,,,,,,,,,
5:09:28,,,,,,,,,,,,,,
5:09:29,ff,,,,,,,,,,,,,
5:10:00,bs,,,,,,,,,,,,,
5:10:01,,,,,,,,,,,,,,
5:10:02,,,,,,,,,,,,,,
5:10:03,,ff,,,,,,,,,,,,
5:10:04,,bs,,,,,,,,,,,,
5:10:05,,,,,,,,,,,,,,
5:10:06,,,,,,,,,,,,,,
5:10:07,,bf,,,,,,,,,,,,
5:10:08,,fs,,,,,,,,,,,,
5:10:09,,,,,,,,,,,,,,
5:10:10,,,,,,,,,,,,,,
5:10:11,bf,,,,,,,,,,,,,
5:10:12,cs,,,,,,,,,,,,,
5:10:13,,,,,,,,,,,,,,
5:10:14,,,,,,,,,,,,,,
5:10:15,,ff,,,,,,,,,,,,
5:10:16,cf,fs,,,,,,,,,,,,
5:10:17,bs,,,,,,,,,,,,,
5:10:18,,,,,,,,,,,,,,
5:10:19,,,,,,,,,,,,,,
5:10:20,,,,,,,,,,,,,,
5:10:21,,,,,,,,,,,,,,
5:10:22,,,,,,,,,,,,,,
5:10:23,,,,,,,,,,,,,,
5:10:24,,ff,,,,,,,,,,,,
5:10:25,,fs,,,,,,,,,,,,
5:10:26,,,,,,,,,,,,,,
5:10:27,,,,,,,,,,,,,,
5:10:28,,,,,,,,,,,,,,
5:10:29,,,,,,,,,,,,,,
5:11:00,,,,,,,,,,,,,,
5:11:01,,ff,,,,,,,,,,,,
5:11:02,,fs,,,,,,,,,,,,
5:11:03,,,,,,,,,,,,,,
5:11:04,,,,,,,,,,,,,,
5:11:05,,,,,,,,,,,,,,
5:11:06,,,,,,,,,,,,,,
5:11:07,,,,,,,,,,,,,,
5:11:08,,,,,,,,,,,,,,
5:11:09,ff,,,,,,,,,,,,,
5:11:10,cs,,,,,,,,,,,,,
5:11:11,,,,,,,,,,,,,,
5:11:12,,,,,,,,,,,,,,
5:11:13,,,,,,,,,,,,,,
5:11:14,,,,,,,,,,,,,,
5:11:15,,,,,,,,,,,,,,
5:11:16,,ff,,,,,,,,,,,,
5:11:17,,fs,,,,,,,,,,,,
5:11:18,,,,,,,,,,,,,,
5:11:19,,,,,,,,,,,,,,
5:11:20,,,,,,,,,,,,,,
5:11:21,,,,,,,,,,,,,,
5:11:22,,,,,,,,,,,,,,
5:11:23,,,,,,,,,,,,,,
5:11:24,,,,,,,,,,,,,,
5:11:25,,ff,,,,,,,,,,,,
5:11:26,,fs,,,,,,,,,,,,
5:11:27,,,,,,,,,,,,,,
5:11:28,cf,,,,,,,,,,,,,
5:11:29,bs,,,,,,,,,,,,,
5:12:00,,,,,,,,,,,,,,
5:12:01,,,,,,,,,,,,,,
5:12:02,,,,,,,,,,,,,,
5:12:03,,,,,,,,,,,,,,
5:12:04,,,,,,,,,,,,,,
5:12:05,,,,,,,,,,,,,,
5:12:06,,ff,,,,,,,,,,,,
5:12:07,,fs,,,,,,,,,,,,
5:12:08,,,,,,,,,,,,,,
5:12:09,,,,,,,,,,,,,,
5:12:10,bf,,,,,,,,,,,,,
5:12:11,bs,,,,,,,,,,,,,
5:12:12,,,,,,,,,,,,,,
5:12:13,,,,,,,,,,,,,,
5:12:14,,,,,,,,,,,,,,
5:12:15,,,,,,,,,,,,,,
5:12:16,,ff,,,,,,,,,,,,
5:12:17,,as,,,,,,,,,,,,
5:12:18,,,,,,,,,,,,,,
5:12:19,,,,,,,,,,,,,,
5:12:20,,,,,,,,,,,,,,
5:12:21,,,,,,,,,,,,,,
5:12:22,,,,,,,,,,,,,,
5:12:23,,,,,,,,,,,,,,
5:12:24,bf,,,,,,,,,,,,,
5:12:25,bs,,,,,,,,,,,,,
5:12:26,,,,,,,,,,,,,,
5:12:27,,,,,,,,,,,,,,
5:12:28,,,ps,ps,,,,,,,,,,
5:12:29,,,,p,,,5,,0,,,,,
5:13:00,,,,rs,,,,,,,,,,
5:13:01,,,pf,,,,,,,,,,,
5:13:02,,af,as,,,,,,,,,,,
5:13:03,,,,,,,,,,,,,,
5:13:04,,,,,,,,,,,,,,
5:13:05,,,,h,,5,,,0,,,,,
5:13:06,bf,,,,,,,,,,,,,
5:13:07,,,h,,5,,,,0,,,,,
,,,,,,,,,,r,bbfbr,2,,
,,,,,,,,,,,,,10,
5:38:02,fs,fs,,,,,,,,,,,,
5:38:03,,,,,,,,,,,,,,
5:38:04,,,,,,,,,,,,,,
5:38:05,,,,,,,,,,,,,,
5:38:06,,,,,,,,,,,,,,
5:38:07,,,,,,,,,,,,,,
5:38:08,,,,,,,,,,,,,,
5:38:09,,,,,,,,,,,,,,
5:38:10,,,,,,,,,,,,,,
5:38:11,ff,,,,,,,,,,,,,
5:38:12,fs,ff,,,,,,,,,,,,
5:38:13,,as,,,,,,,,,,,,
5:38:14,,,,,,,,,,,,,,
5:38:15,,,,,,,,,,,,,,
5:38:16,,,,,,,,,,,,,,
5:38:17,ff,,,,,,,,,,,,,
5:38:18,as,,,,,,,,,,,,,
5:38:19,,,,,,,,,,,,,,
5:38:20,,,as,as,,,,,,,,,,
5:38:21,,,,,,,,,,,,,,
5:38:22,,,,,,,,,,,,,,
5:38:23,,,,,,,,,,,,,,
5:38:24,,,h,,4,,,,7,,,,,
5:38:25,af,,,h,,4,,,7,,,,,
5:38:26,,af,,,,,,,,,,,,
,,,,,,,,,,b,ffb,,,
,,,,,,,,,,,,,11,
5:47:22,fs,fs,,,,,,,,,,,,
5:47:23,,,,,,,,,,,,,,
5:47:24,,,,,,,,,,,,,,
5:47:25,,,,,,,,,,,,,,
5:47:26,,,,,,,,,,,,,,
5:47:27,,,,,,,,,,,,,,
5:47:28,,,,,,,,,,,,,,
5:47:29,,,,,,,,,,,,,,
5:48:00,,,,,,,,,,,,,,
5:48:01,ff,ff,,,,,,,,,,,,
5:48:02,fs,fs,,,,,,,,,,,,
5:48:03,,,,,,,,,,,,,,
5:48:04,,,,,,,,,,,,,,
5:48:05,,,,,,,,,,,,,,
5:48:06,,,,,,,,,,,,,,
5:48:07,,,,,,,,,,,,,,
5:48:08,ff,ff,,,,,,,,,,,,
5:48:09,bs,bs,,,,,,,,,,,,
5:48:10,,,,,,,,,,,,,,
5:48:11,,,,,,,,,,,,,,
5:48:12,,,,,,,,,,,,,,
5:48:13,,,,,,,,,,,,,,
5:48:14,,,,,,,,,,,,,,
5:48:15,,,,,,,,,,,,,,
5:48:16,,,,,,,,,,,,,,
5:48:17,bf,,,,,,,,,,,,,
5:48:18,fs,,,,,,,,,,,,,
5:48:19,,,,,,,,,,,,,,
5:48:20,,,,,,,,,,,,,,
5:48:21,,,,,,,,,,,,,,
5:48:22,,bf,,,,,,,,,,,,
5:48:23,,bs,,,,,,,,,,,,
5:48:24,,,,,,,,,,,,,,
5:48:25,,,,,,,,,,,,,,
5:48:26,,,,,,,,,,,,,,
5:48:27,,,,,,,,,,,,,,
5:48:28,,,,,,,,,,,,,,
5:48:29,,,,,,,,,,,,,,
5:49:00,ff,bf,,,,,,,,,,,,
5:49:01,as,bs,,,,,,,,,,,,
5:49:02,,,,,,,,,,,,,,
5:49:03,,,,,,,,,,,,,,
5:49:04,,,as,,,,,,,,,,,
5:49:05,,,,,,,,,,,,,,
5:49:06,,,,,,,,,,,,,,
5:49:07,,,,,,,,,,,,,,
5:49:08,,,,,,,,,,,,,,
5:49:09,,,,,,,,,,,,,,
5:49:10,,,,,,,,,,,,,,
5:49:11,,,,,,,,,,,,,,
5:49:12,af,,af,,5,,,,9,,,,,
5:49:13,,,,,,,,,,,,,,
5:49:14,,,,,,,,,,,,,,
5:49:15,,,,,,,,,,,,,,
5:49:16,,,,,,,,,,,,,,
5:49:17,,bf,,,,,,,,,,,,
5:49:18,,bs,,,,,,,,,,,,
5:49:19,,,,,,,,,,,,,,
5:49:20,,,,,,,,,,,,,,
5:49:21,,,,,,,,,,,,,,
5:49:22,,,,,,,,,,,,,,
5:49:23,,,,,,,,,,,,,,
5:49:24,,,,,,,,,,,,,,
5:49:25,,,,,,,,,,,,,,
5:49:26,,,,,,,,,,,,,,
5:49:27,,,,,,,,,,,,,,
5:49:28,,,,,,,,,,,,,,
5:49:29,,,,,,,,,,,,,,
5:50:00,,,,,,,,,,,,,,
5:50:01,,,,,,,,,,,,,,
5:50:02,,,,,,,,,,,,,,
5:50:03,,bf,,,,,,,,,,,,
5:50:04,,fs,,,,,,,,,,,,
5:50:05,,,,,,,,,,,,,,
5:50:06,,,,,,,,,,,,,,
5:50:07,,,,,,,,,,,,,,
5:50:08,,,,,,,,,,,,,,
5:50:09,,,,,,,,,,,,,,
5:50:10,,,,,,,,,,,,,,
5:50:11,,,,,,,,,,,,,,
5:50:12,,,,,,,,,,,,,,
5:50:13,,,,,,,,,,,,,,
5:50:14,,,,,,,,,,,,,,
5:50:15,,,,,,,,,,,,,,
5:50:16,,,,,,,,,,,,,,
5:50:17,,,,,,,,,,,,,,
5:50:18,,,,,,,,,,,,,,
5:50:19,,,,,,,,,,,,,,
5:50:20,,,,,,,,,,,,,,
5:50:21,,,,,,,,,,,,,,
5:50:22,,,,,,,,,,,,,,
5:50:23,,,,,,,,,,,,,,
5:50:24,,,,bs,,,,,,,,,,
5:50:25,,,,,,,,,,,,,,
5:50:26,,,,,,,,,,,,,,
5:50:27,,,,,,,,,,,,,,
5:50:28,,,,bf,,,,,,,,,,
5:50:29,,,,,,,,,,,,,,
5:51:00,,ff,,,,,,,,,,,,
5:51:01,,fs,,,,,,,,,,,,
5:51:02,bs,,,,,,,,,,,,,
5:51:03,,,,,,,,,,,,,,
5:51:04,,,,,,,,,,,,,,
5:51:05,,,,,,,,,,,,,,
5:51:06,,,,,,,,,,,,,,
5:51:07,,,,,,,,,,,,,,
5:51:08,,,,,,,,,,,,,,
5:51:09,,,,,,,,,,,,,,
5:51:10,,,,,,,,,,,,,,
5:51:11,,,,,,,,,,,,,,
5:51:12,bf,,,,,,,,,,,,,
5:51:13,bs,,,,,,,,,,,,,
5:51:14,,,,,,,,,,,,,,
5:51:15,,ff,,,,,,,,,,,,
5:51:16,,fs,,,,,,,,,,,,
5:51:17,,,,,,,,,,,,,,
5:51:18,,,,,,,,,,,,,,
5:51:19,,,,,,,,,,,,,,
5:51:20,,,,,,,,,,,,,,
5:51:21,,,,,,,,,,,,,,
5:51:22,,,,,,,,,,,,,,
5:51:23,,,,,,,,,,,,,,
5:51:24,,,,,,,,,,,,,,
5:51:25,bf,,,,,,,,,,,,,
5:51:26,bs,,,,,,,,,,,,,
5:51:27,,,,,,,,,,,,,,
5:51:28,,,,,,,,,,,,,,
5:51:29,,ff,,,,,,,,,,,,
5:52:00,,fs,,,,,,,,,,,,
5:52:01,,,,,,,,,,,,,,
5:52:02,,,,,,,,,,,,,,
5:52:03,,,,,,,,,,,,,,
5:52:04,,,,,,,,,,,,,,
5:52:05,bf,,,,,,,,,,,,,
5:52:06,bs,,,,,,,,,,,,,
5:52:07,,ff,,,,,,,,,,,,
5:52:08,,fs,,,,,,,,,,,,
5:52:09,,,,,,,,,,,,,,
5:52:10,,,,,,,,,,,,,,
5:52:11,,,,,,,,,,,,,,
5:52:12,,,,,,,,,,,,,,
5:52:13,,,,,,,,,,,,,,
5:52:14,,,,,,,,,,,,,,
5:52:15,,,,,,,,,,,,,,
5:52:16,,,,,,,,,,,,,,
5:52:17,,,,,,,,,,,,,,
5:52:18,,,,,,,,,,,,,,
5:52:19,,ff,,,,,,,,,,,,
5:52:20,,fs,,,,,,,,,,,,
5:52:21,,,,,,,,,,,,,,
5:52:22,,,,,,,,,,,,,,
5:52:23,,,,,,,,,,,,,,
5:52:24,,,,,,,,,,,,,,
5:52:25,,,,,,,,,,,,,,
5:52:26,,,,,,,,,,,,,,
5:52:27,,,,,,,,,,,,,,
5:52:28,,,,,,,,,,,,,,
5:52:29,,,,,,,,,,,,,,
5:53:00,,ff,,,,,,,,,,,,
5:53:01,,fs,,,,,,,,,,,,
5:53:02,,,,,,,,,,,,,,
5:53:03,bf,,,,,,,,,,,,,
5:53:04,bs,,,,,,,,,,,,,
5:53:05,,,,,,,,,,,,,,
5:53:06,,,,,,,,,,,,,,
5:53:07,,,,,,,,,,,,,,
5:53:08,,,,,,,,,,,,,,
5:53:09,,,,,,,,,,,,,,
5:53:10,,,,,,,,,,,,,,
5:53:11,,,,,,,,,,,,,,
5:53:12,,,,,,,,,,,,,,
5:53:13,,,,,,,,,,,,,,
5:53:14,,ff,,,,,,,,,,,,
5:53:15,,fs,,,,,,,,,,,,
5:53:16,,,,,,,,,,,,,,
5:53:17,,,,,,,,,,,,,,
5:53:18,,,,,,,,,,,,,,
5:53:19,,,,,,,,,,,,,,
5:53:20,,,,,,,,,,,,,,
5:53:21,,,,,,,,,,,,,,
5:53:22,bf,,,,,,,,,,,,,
5:53:23,bs,ff,,,,,,,,,,,,
5:53:24,,as,,,,,,,,,,,,
5:53:25,,,,,,,,,,,,,,
5:53:26,,,,,,,,,,,,,,
5:53:27,,,,,,,,,,,,,,
5:53:28,,,,,,,,,,,,,,
5:53:29,,,,,,,,,,,,,,
5:54:00,,,,,,,,,,,,,,
5:54:01,bf,,,,,,,,,,,,,
5:54:02,bs,,,,,,,,,,,,,
5:54:03,,,,,,,,,,,,,,
5:54:04,,,,as,,,,,,,,,,
5:54:05,,,ps,,,,5,,,,,,,
5:54:06,,,,,,,,,,,,,,
5:54:07,,af,pf,,,,,,,,,,,
5:54:08,,,cs,,,,,,,,,,,
5:54:09,,,,,,,,,,,,,,
5:54:10,,,,h,,4,,,0.5,,,,,
5:54:11,,,,,,,,,,,,,,
5:54:12,,,h,,6,,,,,,,,,
5:54:13,,,,,,,,,,,,,,
5:54:14,,,,,,,,,,,,,,
5:54:15,,,,,,,,,,,,,,
5:54:16,,,,,,,,,,,,,,
5:54:17,bf,,,,,,,,,,,,,
,,,,,,,,,,a,bbfbbbff,2,,
,,,,,,,,,,,,,12,
6:15:04,fs,fs,,,,,,,,,,,,
6:15:05,,,,,,,,,,,,,,
6:15:06,,,,,,,,,,,,,,
6:15:07,,,,,,,,,,,,,,
6:15:08,,,,,,,,,,,,,,
6:15:09,,,,,,,,,,,,,,
6:15:10,,,,,,,,,,,,,,
6:15:11,,,,,,,,,,,,,,
6:15:12,ff,,,,,,,,,,,,,
6:15:13,as,,,,,,,,,,,,,
6:15:14,,,,,,,,,,,,,,
6:15:15,,ff,,,,,,,,,,,,
6:15:16,,as,,,,,,,,,,,,
6:15:17,,,,,,,,,,,,,,
6:15:18,,,,,,,,,,,,,,
6:15:19,,,,,,,,,,,,,,
6:15:20,,,as,,,,,,,,,,,
6:15:21,,,,,,,,,,,,,,
6:15:22,,,,as,,,,,,,,,,
6:15:23,,,,,,,,,,,,,,
6:15:24,,,h,,4,,,,7,,,,,
6:15:25,af,,,,,,,,,,,,,
6:15:26,,af,,h,,5,,,7,,,,,
,,,,,,,,,,a,ff1,1,,
,,,,,,,,,,,,,13,
6:33:00,fs,fs,,,,,,,,,,,,
6:33:01,,,,,,,,,,,,,,
6:33:02,,,,,,,,,,,,,,
6:33:03,,,,,,,,,,,,,,
6:33:04,,,,,,,,,,,,,,
6:33:05,,,,,,,,,,,,,,
6:33:06,,,,,,,,,,,,,,
6:33:07,,,,,,,,,,,,,,
6:33:08,,,,,,,,,,,,,,
6:33:09,,,,,,,,,,,,,,
6:33:10,,ff,,,,,,,,,,,,
6:33:11,ff,as,,,,,,,,,,,,
6:33:12,as,,,,,,,,,,,,,
6:33:13,,,,,,,,,,,,,,
6:33:14,,,,,,,,,,,,,,
6:33:15,,,,,,,,,,,,,,
6:33:16,,,,,,,,,,,,,,
6:33:17,,,,,,,,,,,,,,
6:33:18,,,as,as,,,,,,,,,,
6:33:19,,,,,,,,,,,,,,
6:33:20,,,,,,,,,,,,,,
6:33:21,,,,,,,,,,,,,,
6:33:22,,,,h,,4,,,7,,,,,
6:33:23,af,af,h,,4,,,,7,,,,,
,,,,,,,,,,a,ff2,2,,
,,,,,,,,,,,,,14,
6:46:18,fs,fs,,,,,,,,,,,,
6:46:19,,,,,,,,,,,,,,
6:46:20,,,,,,,,,,,,,,
6:46:21,,,,,,,,,,,,,,
6:46:22,,,,,,,,,,,,,,
6:46:23,,,,,,,,,,,,,,
6:46:24,,,,,,,,,,,,,,
6:46:25,,,,,,,,,,,,,,
6:46:26,,,,,,,,,,,,,,
6:46:27,,,,,,,,,,,,,,
6:46:28,,,,,,,,,,,,,,
6:46:29,ff,ff,,,,,,,,,,,,
6:47:00,fs,fs,,,,,,,,,,,,
6:47:01,,,,,,,,,,,,,,
6:47:02,,,,,,,,,,,,,,
6:47:03,,,,,,,,,,,,,,
6:47:04,,,,,,,,,,,,,,
6:47:05,,,,,,,,,,,,,,
6:47:06,,ff,,,,,,,,,,,,
6:47:07,,bs,,,,,,,,,,,,
6:47:08,,,,,,,,,,,,,,
6:47:09,ff,,,,,,,,,,,,,
6:47:10,bs,,,,,,,,,,,,,
6:47:11,,,,,,,,,,,,,,
6:47:12,,,,,,,,,,,,,,
6:47:13,,bf,,,,,,,,,,,,
6:47:14,,fs,,,,,,,,,,,,
6:47:15,,,,,,,,,,,,,,
6:47:16,,,,,,,,,,,,,,
6:47:17,bf,,,,,,,,,,,,,
6:47:18,bs,,,,,,,,,,,,,
6:47:19,,ff,,,,,,,,,,,,
6:47:20,,fs,,,,,,,,,,,,
6:47:21,,,,,,,,,,,,,,
6:47:22,,,,,,,,,,,,,,
6:47:23,,,,,,,,,,,,,,
6:47:24,,,,,,,,,,,,,,
6:47:25,,,,,,,,,,,,,,
6:47:26,,,,,,,,,,,,,,
6:47:27,,ff,,,,,,,,,,,,
6:47:28,,fs,,,,,,,,,,,,
6:47:29,bf,,,,,,,,,,,,,
6:48:00,bs,,,,,,,,,,,,,
6:48:01,,,,,,,,,,,,,,
6:48:02,,,,,,,,,,,,,,
6:48:03,,,,,,,,,,,,,,
6:48:04,,,,,,,,,,,,,,
6:48:05,bf,,,,,,,,,,,,,
6:48:06,bs,,,,,,,,,,,,,
6:48:07,,,,,,,,,,,,,,
6:48:08,,,,,,,,,,,,,,
6:48:09,,,,,,,,,,,,,,
6:48:10,,,,,,,,,,,,,,
6:48:11,,,,,,,,,,,,,,
6:48:12,,,,,,,,,,,,,,
6:48:13,,ff,,,,,,,,,,,,
6:48:14,,fs,,,,,,,,,,,,
6:48:15,,,,,,,,,,,,,,
6:48:16,,,,,,,,,,,,,,
6:48:17,,,,,,,,,,,,,,
6:48:18,,,,,,,,,,,,,,
6:48:19,bf,,,,,,,,,,,,,
6:48:20,cs,,,,,,,,,,,,,
6:48:21,,,,,,,,,,,,,,
6:48:22,,,,,,,,,,,,,,
6:48:23,,,,,,,,,,,,,,
6:48:24,,,,,,,,,,,,,,
6:48:25,,,,,,,,,,,,,,
6:48:26,,,,,,,,,,,,,,
6:48:27,,,,,,,,,,,,,,
6:48:28,,,,,,,,,,,,,,
6:48:29,cf,ff,,,,,,,,,,,,
6:49:00,bs,fs,,,,,,,,,,,,
6:49:01,,,,,,,,,,,,,,
6:49:02,,,,,,,,,,,,,,
6:49:03,,,,,,,,,,,,,,
6:49:04,,,,,,,,,,,,,,
6:49:05,,,,,,,,,,,,,,
6:49:06,,,,,,,,,,,,,,
6:49:07,,,,,,,,,,,,,,
6:49:08,,,,,,,,,,,,,,
6:49:09,,,,,,,,,,,,,,
6:49:10,,ff,,,,,,,,,,,,
6:49:11,,fs,,,,,,,,,,,,
6:49:12,,,,,,,,,,,,,,
6:49:13,bf,,,,,,,,,,,,,
6:49:14,bs,,,,,,,,,,,,,
6:49:15,,,,,,,,,,,,,,
6:49:16,,,,,,,,,,,,,,
6:49:17,,,,,,,,,,,,,,
6:49:18,,,,,,,,,,,,,,
6:49:19,,,,,,,,,,,,,,
6:49:20,,,,,,,,,,,,,,
6:49:21,,,,,,,,,,,,,,
6:49:22,,,,,,,,,,,,,,
6:49:23,,ff,,,,,,,,,,,,
6:49:24,,fs,,,,,,,,,,,,
6:49:25,bf,,,,,,,,,,,,,
6:49:26,bs,,,,,,,,,,,,,
6:49:27,,,,,,,,,,,,,,
6:49:28,,,,,,,,,,,,,,
6:49:29,,,cs,,,,,,,,,,,
6:50:00,,,,,,,,,,,,,,
6:50:01,bf,,,,,,,,,,,,,
6:50:02,bs,,,,,,,,,,,,,
6:50:03,,,,,,,,,,,,,,
6:50:04,,,,,,,,,,,,,,
6:50:05,,,,,,,,,,,,,,
6:50:06,,,,,,,,,,,,,,
6:50:07,,,,,,,,,,,,,,
6:50:08,,ff,,,,,,,,,,,,
6:50:09,,as,,,,,,,,,,,,
6:50:10,,,cf,,,,,,,,,,,
6:50:11,,,,as,,,,,,,,,,
6:50:12,,,,,,,,,,,,,,
6:50:13,,,,,,,,,,,,,,
6:50:14,,,,,,,,,,,,,,
6:50:15,,,,,,,,,,,,,,
6:50:16,bf,,ps,,,,,,,,,,,
6:50:17,bs,,,,,,,,,,,,,
6:50:18,,,,,,,,,,,,,,
6:50:19,,,,,,,,,,,,,,
6:50:20,,,,,,,,,,,,,,
6:50:21,,,pf,,,,,,,,,,,
6:50:22,,af,,,,,,,,,,,,
6:50:23,,,,,,,,,,,,,,
6:50:24,,,,h,,4,,,0.5,,,,,
6:50:25,,,,,,,,,,,,,,
6:50:26,bf,,,,,,,,,,,,,
,,,,,,,,,,a,bbbff,2,,
,,,,,,,,,,,,,15,
7:12:07,fs,fs,,,,,,,,,,,,
7:12:08,,,,,,,,,,,,,,
7:12:09,,,,,,,,,,,,,,
7:12:10,,,,,,,,,,,,,,
7:12:11,,,,,,,,,,,,,,
7:12:12,,,,,,,,,,,,,,
7:12:13,,,,,,,,,,,,,,
7:12:14,,,,,,,,,,,,,,
7:12:15,,,,,,,,,,,,,,
7:12:16,,,,,,,,,,,,,,
7:12:17,,,,,,,,,,,,,,
7:12:18,ff,ff,,,,,,,,,,,,
7:12:19,fs,fs,,,,,,,,,,,,
7:12:20,,,,,,,,,,,,,,
7:12:21,,,,,,,,,,,,,,
7:12:22,,,,,,,,,,,,,,
7:12:23,,,,,,,,,,,,,,
7:12:24,,,,,,,,,,,,,,
7:12:25,ff,,,,,,,,,,,,,
7:12:26,bs,,,,,,,,,,,,,
7:12:27,,,,,,,,,,,,,,
7:12:28,,ff,,,,,,,,,,,,
7:12:29,,bs,,,,,,,,,,,,
7:13:00,bf,,,,,,,,,,,,,
7:13:01,,,,,,,,,,,,,,
7:13:02,,,,,,,,,,,,,,
7:13:03,,bf,,,,,,,,,,,,
7:13:04,,fs,,,,,,,,,,,,
7:13:05,,,,,,,,,,,,,,
7:13:06,,,,,,,,,,,,,,
7:13:07,as,,,,,,,,,,,,,
7:13:08,,,,,,,,,,,,,,
7:13:09,,,,,,,,,,,,,,
7:13:10,,ff,as,ps,,,,,,,,,,
7:13:11,,bs,,,,,,,,,,,,
7:13:12,,,h,,4,,,,7,,,,,
7:13:13,,,,pf,,,,5,,,,,,
7:13:14,,,,as,,,,,,,,,,
7:13:15,,,,,,,,,,,,,,
7:13:16,,bf,,h,,3,,,,,,,,
7:13:17,,,,,,,,,,,,,,
7:13:18,,,,,,,,,,,,,,
7:13:19,,,,,,,,,,,,,,
7:13:20,,,,,,,,,,,,,,
7:13:21,,,,,,,,,,,,,,
7:13:22,,,,,,,,,,,,,,
7:13:23,,,,,,,,,,,,,,
7:13:24,,,,,,,,,,,,,,
7:13:25,,,,,,,,,,,,,,
7:13:26,af,,,,,,,,,,,,,
,,,,,,,,,,a,bbff1,1,,
,,,,,,,,,,,,,16,
7:28:04,fs,fs,,,,,,,,,,,,
7:28:05,,,,,,,,,,,,,,
7:28:06,,,,,,,,,,,,,,
7:28:07,,,,,,,,,,,,,,
7:28:08,,,,,,,,,,,,,,
7:28:09,,,,,,,,,,,,,,
7:28:10,,,,,,,,,,,,,,
7:28:11,,,,,,,,,,,,,,
7:28:12,,,,,,,,,,,,,,
7:28:13,,,,,,,,,,,,,,
7:28:14,,,,,,,,,,,,,,
7:28:15,,,,,,,,,,,,,,
7:28:16,ff,ff,,,,,,,,,,,,
7:28:17,fs,as,,,,,,,,,,,,
7:28:18,,,,,,,,,,,,,,
7:28:19,,,,,,,,,,,,,,
7:28:20,,,,,,,,,,,,,,
7:28:21,,,,,,,,,,,,,,
7:28:22,ff,,,,,,,,,,,,,
7:28:23,as,,,as,,,,,,,,,,
7:28:24,,,as,,,,,,,,,,,
7:28:25,,,,,,,,,,,,,,
7:28:26,,,,,,,,,,,,,,
7:28:27,,,,,,,,,,,,,,
7:28:28,,,,h,,4,,,7,,,,,
7:28:29,af,af,h,,4,,,,7,,,,,
,,,,,,,,,,b,ffb,,,
,,,,,,,,,,,,,17,
7:48:05,fs,fs,,,,,,,,,,,,
7:48:06,,,,,,,,,,,,,,
7:48:07,,,,,,,,,,,,,,
7:48:08,,,,,,,,,,,,,,
7:48:09,,,,,,,,,,,,,,
7:48:10,,,,,,,,,,,,,,
7:48:11,,,,,,,,,,,,,,
7:48:12,,,,,,,,,,,,,,
7:48:13,ff,ff,,,,,,,,,,,,
7:48:14,fs,fs,,,,,,,,,,,,
7:48:15,,,,,,,,,,,,,,
7:48:16,,,,,,,,,,,,,,
7:48:17,,,,,,,,,,,,,,
7:48:18,,,,,,,,,,,,,,
7:48:19,,,,,,,,,,,,,,
7:48:20,,,,,,,,,,,,,,
7:48:21,,,,,,,,,,,,,,
7:48:22,ff,,,,,,,,,,,,,
7:48:23,bs,,,,,,,,,,,,,
7:48:24,,ff,,,,,,,,,,,,
7:48:25,,bs,,,,,,,,,,,,
7:48:26,,,,,,,,,,,,,,
7:48:27,bf,,,,,,,,,,,,,
7:48:28,fs,,,,,,,,,,,,,
7:48:29,,,,,,,,,,,,,,
7:49:00,,,,,,,,,,,,,,
7:49:01,,bf,,,,,,,,,,,,
7:49:02,,bs,,,,,,,,,,,,
7:49:03,,,,,,,,,,,,,,
7:49:04,,,,,,,,,,,,,,
7:49:05,,,,,,,,,,,,,,
7:49:06,,,,,,,,,,,,,,
7:49:07,,,,,,,,,,,,,,
7:49:08,,,,,,,,,,,,,,
7:49:09,,,,,,,,,,,,,,
7:49:10,ff,,,,,,,,,,,,,
7:49:11,fs,,,,,,,,,,,,,
7:49:12,,,,,,,,,,,,,,
7:49:13,,,,,,,,,,,,,,
7:49:14,,,,,,,,,,,,,,
7:49:15,,,,,,,,,,,,,,
7:49:16,,,,,,,,,,,,,,
7:49:17,,,,,,,,,,,,,,
7:49:18,ff,,,,,,,,,,,,,
7:49:19,as,bf,,,,,,,,,,,,
7:49:20,,bs,,,,,,,,,,,,
7:49:21,,,,,,,,,,,,,,
7:49:22,,,,,,,,,,,,,,
7:49:23,,,,,,,,,,,,,,
7:49:24,,,,cs,,,,,,,,,,
7:49:25,,,,,,,,,,,,,,
7:49:26,,,,,,,,,,,,,,
7:49:27,,,,,,,,,,,,,,
7:49:28,,,as,,,,,,,,,,,
7:49:29,,,,,,,,,,,,,,
7:50:00,,,,,,,,,,,,,,
7:50:01,,,,,,,,,,,,,,
7:50:02,af,,,,,,,,,,,,,
7:50:03,,bf,,,,,,,,,,,,
7:50:04,,bs,h,,5,,,,10.5,,,,,
7:50:05,,,,h,,6,,,10.5,,,,,
7:50:06,,bf,,,,,,,,,,,,
,,,,,,,,,,a,bbfbf,1,,
,,,,,,,,,,,,,18,
8:14:17,fs,fs,,,,,,,,,,,,
8:14:18,,,,,,,,,,,,,,
8:14:19,,,,,,,,,,,,,,
8:14:20,,,,,,,,,,,,,,
8:14:21,,,,,,,,,,,,,,
8:14:22,,,,,,,,,,,,,,
8:14:23,,,,,,,,,,,,,,
8:14:24,,,,,,,,,,,,,,
8:14:25,,,,,,,,,,,,,,
8:14:26,,,,,,,,,,,,,,
8:14:27,ff,ff,,,,,,,,,,,,
8:14:28,fs,fs,,,,,,,,,,,,
8:14:29,,,,,,,,,,,,,,
8:15:00,,,,,,,,,,,,,,
8:15:01,,,,,,,,,,,,,,
8:15:02,,,,,,,,,,,,,,
8:15:03,,,,,,,,,,,,,,
8:15:04,ff,,,,,,,,,,,,,
8:15:05,bs,,,,,,,,,,,,,
8:15:06,,ff,,,,,,,,,,,,
8:15:07,,bs,,,,,,,,,,,,
8:15:08,,,,,,,,,,,,,,
8:15:09,bf,,,,,,,,,,,,,
8:15:10,as,,,,,,,,,,,,,
8:15:11,,,,,,,,,,,,,,
8:15:12,,,,,,,,,,,,,,
8:15:13,,,,,,,,,,,,,,
8:15:14,,,,,,,,,,,,,,
8:15:15,,,,,,,,,,,,,,
8:15:16,,,,,,,,,,,,,,
8:15:17,,bf,,,,,,,,,,,,
8:15:18,,bs,,,,,,,,,,,,
8:15:19,,,,,,,,,,,,,,
8:15:20,,,,,,,,,,,,,,
8:15:21,,,,,,,,,,,,,,
8:15:22,,,,,,,,,,,,,,
8:15:23,,,,,,,,,,,,,,
8:15:24,,,as,,,,,,,,,,,
8:15:25,,,,,,,,,,,,,,
8:15:26,,,,,,,,,,,,,,
8:15:27,,,,,,,,,,,,,,
8:15:28,,,,,,,,,,,,,,
8:15:29,,,,,,,,,,,,,,
8:16:00,,,af,,5,,,,8,,,,,
8:16:01,,,,,,,,,,,,,,
8:16:02,,,,,,,,,,,,,,
8:16:03,,,,,,,,,,,,,,
8:16:04,,,,,,,,,,,,,,
8:16:05,,,,,,,,,,,,,,
8:16:06,,,,,,,,,,,,,,
8:16:07,,,,,,,,,,,,,,
8:16:08,,,,,,,,,,,,,,
8:16:09,,,,,,,,,,,,,,
8:16:10,af,,,,,,,,,,,,,
8:16:11,fs,,,,,,,,,,,,,
8:16:12,,,,,,,,,,,,,,
8:16:13,,,,,,,,,,,,,,
8:16:14,,,,,,,,,,,,,,
8:16:15,,,,,,,,,,,,,,
8:16:16,,,,,,,,,,,,,,
8:16:17,,,,,,,,,,,,,,
8:16:18,,bf,,,,,,,,,,,,
8:16:19,,,,,,,,,,,,,,
8:16:20,ff,,,,,,,,,,,,,
8:16:21,,,,,,,,,,,,,,
8:16:22,,,,,,,,,,,,,,
8:16:23,,,,,,,,,,,,,,
8:16:24,,,,,,,,,,,,,,
8:16:25,,,,,,,,,,,,,,
8:16:26,,,,,,,,,,,,,,
8:16:27,,,,,,,,,,,,,,
8:16:28,,,,bs,,,,,,,,,,
8:16:29,,,,,,,,,,,,,,
8:17:00,,,,,,,,,,,,,,
8:17:01,,,,,,,,,,,,,,
8:17:02,,,,bf,,,,,,,,,,
8:17:03,,,,,,,,,,,,,,
8:17:04,,,,,,,,,,,,,,
8:17:05,,,,,,,,,,,,,,
8:17:06,,,,,,,,,,,,,,
8:17:07,,,,,,,,,,,,,,
8:17:08,,,,,,,,,,,,,,
8:17:09,,,,,,,,,,,,,,
8:17:10,,fs,,,,,,,,,,,,
8:17:11,,,,,,,,,,,,,,
8:17:12,,,,,,,,,,,,,,
8:17:13,,,,,,,,,,,,,,
8:17:14,,,,,,,,,,,,,,
8:17:15,,,,,,,,,,,,,,
8:17:16,bs,,,,,,,,,,,,,
8:17:17,,,,,,,,,,,,,,
8:17:18,,ff,,,,,,,,,,,,
8:17:19,,as,,,,,,,,,,,,
8:17:20,,,,,,,,,,,,,,
8:17:21,,,,,,,,,,,,,,
8:17:22,,,,,,,,,,,,,,
8:17:23,,,,,,,,,,,,,,
8:17:24,bf,,,as,,,,,,,,,,
8:17:25,bs,,cs,,,,,,,,,,,
8:17:26,,,,,,,,,,,,,,
8:17:27,,,,,,,,,,,,,,
8:17:28,,,,,,,,,,,,,,
8:17:29,,,,,,,,,,,,,,
8:18:00,,,h,,6,,,,8,,,,,
8:18:01,bf,,,h,,5,,,8,,,,,
8:18:02,,af,,,,,,,,,,,,
,,,,,,,,,,a,bbfbbbff,2,,
,,,,,,,,,,,,,休息,
,,,,,,,,,,,,,19,
9:47:24,fs,fs,,,,,,,,,,,,
9:47:25,,,,,,,,,,,,,,
9:47:26,,,,,,,,,,,,,,
9:47:27,,,,,,,,,,,,,,
9:47:28,,,,,,,,,,,,,,
9:47:29,,,,,,,,,,,,,,
9:48:00,,,,,,,,,,,,,,
9:48:01,,,,,,,,,,,,,,
9:48:02,,,,,,,,,,,,,,
9:48:03,,,,,,,,,,,,,,
9:48:04,,ff,,,,,,,,,,,,
9:48:05,ff,as,,,,,,,,,,,,
9:48:06,as,,,,,,,,,,,,,
9:48:07,,,,,,,,,,,,,,
9:48:08,,,,,,,,,,,,,,
9:48:09,,,,,,,,,,,,,,
9:48:10,,,,,,,,,,,,,,
9:48:11,,,as,as,,,,,,,,,,
9:48:12,,,,,,,,,,,,,,
9:48:13,,,,,,,,,,,,,,
9:48:14,,,,h,,5,,,7,,,,,
9:48:15,,,,,,,,,,,,,,
9:48:16,af,af,h,,5,,,,7,,,,,
,,,,,,,,,,b,ffb,,,
,,,,,,,,,,,,,20,
9:56:29,fs,,,,,,,,,,,,,
9:57:00,,,,,,,,,,,,,,
9:57:01,,fs,,,,,,,,,,,,
9:57:02,,,,,,,,,,,,,,
9:57:03,,,,,,,,,,,,,,
9:57:04,,,,,,,,,,,,,,
9:57:05,,,,,,,,,,,,,,
9:57:06,,,,,,,,,,,,,,
9:57:07,,,,,,,,,,,,,,
9:57:08,,,,,,,,,,,,,,
9:57:09,,,,,,,,,,,,,,
9:57:10,ff,ff,,,,,,,,,,,,
9:57:11,fs,fs,,,,,,,,,,,,
9:57:12,,,,,,,,,,,,,,
9:57:13,,,,,,,,,,,,,,
9:57:14,,,,,,,,,,,,,,
9:57:15,,,,,,,,,,,,,,
9:57:16,,,,,,,,,,,,,,
9:57:17,,,,,,,,,,,,,,
9:57:18,ff,,,,,,,,,,,,,
9:57:19,bs,,,,,,,,,,,,,
9:57:20,,,,,,,,,,,,,,
9:57:21,,ff,,,,,,,,,,,,
9:57:22,,bs,,,,,,,,,,,,
9:57:23,,,,,,,,,,,,,,
9:57:24,bf,,,,,,,,,,,,,
9:57:25,,,,,,,,,,,,,,
9:57:26,,,,,,,,,,,,,,
9:57:27,,,,,,,,,,,,,,
9:57:28,,,,,,,,,,,,,,
9:57:29,,,,,,,,,,,,,,
9:58:00,as,,,,,,,,,,,,,
9:58:01,,,as,,,,,,,,,,,
9:58:02,,,,,,,,,,,,,,
9:58:03,,,,,,,,,,,,,,
9:58:04,,bf,,,,,,,,,,,,
9:58:05,,bs,,,,,,,,,,,,
9:58:06,,,,,,,,,,,,,,
9:58:07,,,af,,5,,,,8,,,,,
9:58:08,af,,,,,,,,,,,,,
9:58:09,,,,,,,,,,,,,,
9:58:10,,,,,,,,,,,,,,
9:58:11,,,,,,,,,,,,,,
9:58:12,,,,,,,,,,,,,,
9:58:13,,,,,,,,,,,,,,
9:58:14,,,,,,,,,,,,,,
9:58:15,,,,,,,,,,,,,,
9:58:16,,,,,,,,,,,,,,
9:58:17,as,,,,,,,,,,,,,
9:58:18,,,,,,,,,,,,,,
9:58:19,,,,,,,,,,,,,,
9:58:20,,,,,,,,,,,,,,
9:58:21,,,,,,,,,,,,,,
9:58:22,,,as,,,,,,,,,,,
9:58:23,,,,,,,,,,,,,,
9:58:24,,,,,,,,,,,,,,
9:58:25,,,,cs,,,,,,,,,,
9:58:26,,bf,,,,,,,,,,,,
9:58:27,,,,,,,,,,,,,,
9:58:28,,,,,,,,,,,,,,
9:58:29,,,h,,5,,,,8,,,,,
9:59:00,af,,,h,,3,,,,,,,,
,,,,,,,,,,a,bbfbbfbf,1,,
,,,,,,,,,,,,,21,同时进攻、同时停顿、左边进攻没有，右边转换没有，左边进攻，得分
10:26:19,fs,fs,,,,,,,,,,,,
10:26:20,,,,,,,,,,,,,,
10:26:21,,,,,,,,,,,,,,
10:26:22,,,,,,,,,,,,,,
10:26:23,,,,,,,,,,,,,,
10:26:24,,,,,,,,,,,,,,
10:26:25,,,,,,,,,,,,,,
10:26:26,,,,,,,,,,,,,,
10:26:27,,,,,,,,,,,,,,
10:26:28,,,,,,,,,,,,,,
10:26:29,,ff,,,,,,,,,,,,
10:27:00,ff,fs,,,,,,,,,,,,
10:27:01,fs,,,,,,,,,,,,,
10:27:02,,,,,,,,,,,,,,
10:27:03,,,,,,,,,,,,,,
10:27:04,,,,,,,,,,,,,,
10:27:05,,,,,,,,,,,,,,
10:27:06,,,,,,,,,,,,,,
10:27:07,ff,ff,,,,,,,,,,,,
10:27:08,bs,bs,,,,,,,,,,,,
10:27:09,,,,,,,,,,,,,,
10:27:10,,,,,,,,,,,,,,
10:27:11,,bf,,,,,,,,,,,,
10:27:12,,fs,,,,,,,,,,,,
10:27:13,,,,,,,,,,,,,,
10:27:14,bf,,,,,,,,,,,,,
10:27:15,fs,,,,,,,,,,,,,
10:27:16,,,as,,,,,,,,,,,
10:27:17,,,,,,,,,,,,,,
10:27:18,ff,,,as,,,,,,,,,,
10:27:19,fs,,,,,,,,,,,,,
10:27:20,,,h,,5,,,,8,,,,,
10:27:21,,,,,,,,,,,,,,
10:27:22,,ff,,,,,,,,,,,,
10:27:23,,fs,,,,,,,,,,,,
10:27:24,,,,h,,5,,,8,,,,,
10:27:25,,,,,,,,,,,,,,
10:27:26,,,,,,,,,,,,,,
10:27:27,,,,,,,,,,,,,,
10:27:28,,,,,,,,,,,,,,
10:27:29,ff,ff,,,,,,,,,,,,
,,,,,,,,,,a,bbff1,1,,
,,,,,,,,,,,,,22,
10:59:28,fs,fs,,,,,,,,,,,,
10:59:29,,,,,,,,,,,,,,
11:00:00,,,,,,,,,,,,,,
11:00:01,,,,,,,,,,,,,,
11:00:02,,,,,,,,,,,,,,
11:00:03,,,,,,,,,,,,,,
11:00:04,,,,,,,,,,,,,,
11:00:05,,,,,,,,,,,,,,
11:00:06,ff,ff,,,,,,,,,,,,
11:00:07,fs,fs,,,,,,,,,,,,
11:00:08,,,,,,,,,,,,,,
11:00:09,,,,,,,,,,,,,,
11:00:10,,,,,,,,,,,,,,
11:00:11,,,,,,,,,,,,,,
11:00:12,,,,,,,,,,,,,,
11:00:13,ff,,,,,,,,,,,,,
11:00:14,bs,,,,,,,,,,,,,
11:00:15,,ff,,,,,,,,,,,,
11:00:16,,bs,,,,,,,,,,,,
11:00:17,,,,,,,,,,,,,,
11:00:18,,,,,,,,,,,,,,
11:00:19,,,,,,,,,,,,,,
11:00:20,,,,,,,,,,,,,,
11:00:21,,,,,,,,,,,,,,
11:00:22,,,,,,,,,,,,,,
11:00:23,,,,,,,,,,,,,,
11:00:24,,,,,,,,,,,,,,
11:00:25,,,,,,,,,,,,,,
11:00:26,,,,,,,,,,,,,,
11:00:27,bf,,,,,,,,,,,,,
11:00:28,fs,,,,,,,,,,,,,
11:00:29,,,,,,,,,,,,,,
11:01:00,,,,,,,,,,,,,,
11:01:01,,,,,,,,,,,,,,
11:01:02,,,,,,,,,,,,,,
11:01:03,,bf,,,,,,,,,,,,
11:01:04,,bs,,,,,,,,,,,,
11:01:05,ff,,,,,,,,,,,,,
11:01:06,as,,,,,,,,,,,,,
11:01:07,,,,,,,,,,,,,,
11:01:08,,,,,,,,,,,,,,
11:01:09,,,,,,,,,,,,,,
11:01:10,,,as,cs,,,,,,,,,,
11:01:11,,,,,,,,,,,,,,
11:01:12,,,,,,,,,,,,,,
11:01:13,,,,,,,,,,,,,,
11:01:14,,,,h,,5,,,9,,,,,
11:01:15,,,,,,,,,,,,,,
11:01:16,af,,h,,5,,,,9,,,,,
11:01:17,,bf,,,,,,,,,,,,
,,,,,,,,,,a,bbff1,1,,
,,,,,,,,,,,,,23,
11:22:12,fs,fs,,,,,,,,,,,,
11:22:13,,,,,,,,,,,,,,
11:22:14,,,,,,,,,,,,,,
11:22:15,,,,,,,,,,,,,,
11:22:16,,,,,,,,,,,,,,
11:22:17,,,,,,,,,,,,,,
11:22:18,,,,,,,,,,,,,,
11:22:19,,,,,,,,,,,,,,
11:22:20,,,,,,,,,,,,,,
11:22:21,ff,,,,,,,,,,,,,
11:22:22,fs,ff,,,,,,,,,,,,
11:22:23,,fs,,,,,,,,,,,,
11:22:24,,,,,,,,,,,,,,
11:22:25,,,,,,,,,,,,,,
11:22:26,,,,,,,,,,,,,,
11:22:27,,,,,,,,,,,,,,
11:22:28,,,,,,,,,,,,,,
11:22:29,ff,,,,,,,,,,,,,
11:23:00,bs,,,,,,,,,,,,,
11:23:01,,ff,,,,,,,,,,,,
11:23:02,,bs,,,,,,,,,,,,
11:23:03,,,,,,,,,,,,,,
11:23:04,,,,,,,,,,,,,,
11:23:05,,bf,,,,,,,,,,,,
11:23:06,,fs,,,,,,,,,,,,
11:23:07,,,,,,,,,,,,,,
11:23:08,,,,,,,,,,,,,,
11:23:09,,,,,,,,,,,,,,
11:23:10,,,,,,,,,,,,,,
11:23:11,bf,,,,,,,,,,,,,
11:23:12,as,ff,,,,,,,,,,,,
11:23:13,,as,as,as,,,,,,,,,,
11:23:14,,,,,,,,,,,,,,
11:23:15,,,,,,,,,,,,,,
11:23:16,,,,,,,,,,,,,,
11:23:17,,,,h,,4,,,7,,,,,
11:23:18,,,h,,3,,,,7,,,,,
11:23:19,af,af,,,,,,,,,,,,
,,,,,,,,,,b,bbffb,,,
,,,,,,,,,,,,,24,
11:39:12,fs,fs,,,,,,,,,,,,
11:39:13,,,,,,,,,,,,,,
11:39:14,,,,,,,,,,,,,,
11:39:15,,,,,,,,,,,,,,
11:39:16,,,,,,,,,,,,,,
11:39:17,,,,,,,,,,,,,,
11:39:18,,,,,,,,,,,,,,
11:39:19,,,,,,,,,,,,,,
11:39:20,,,,,,,,,,,,,,
11:39:21,,,,,,,,,,,,,,
11:39:22,ff,,,,,,,,,,,,,
11:39:23,fs,ff,,,,,,,,,,,,
11:39:24,,as,,,,,,,,,,,,
11:39:25,,,,,,,,,,,,,,
11:39:26,,,,,,,,,,,,,,
11:39:27,,,,,,,,,,,,,,
11:39:28,,,,,,,,,,,,,,
11:39:29,ff,,,,,,,,,,,,,
11:40:00,bs,,,as,,,,,,,,,,
11:40:01,,,,,,,,,,,,,,
11:40:02,,,,,,,,,,,,,,
11:40:03,,,,,,,,,,,,,,
11:40:04,,,,,,,,,,,,,,
11:40:05,,,ps,,,,,,,,,,,
11:40:06,,,pf,af,,3,3,,6.5,,,,,
11:40:07,,af,rs,,,,,,,,,,,
11:40:08,bf,,,,,,,,,,,,,
11:40:09,,,,,,,,,,,,,,
11:40:10,,,,,,,,,,,,,,
11:40:11,,,,,,,,,,,,,,
11:40:12,,,,,,,,,,,,,,
11:40:13,,,,,,,,,,,,,,
11:40:14,,,,,,,,,,,,,,
11:40:15,,,,,,,,,,,,,,
11:40:16,,,h,,5,,,,6.5,,,,,
,,,,,,,,,,r,bfr,1,,
,,,,,,,,,,,,,25,
11:57:06,fs,,,,,,,,,,,,,
11:57:07,,fs,,,,,,,,,,,,
11:57:08,,,,,,,,,,,,,,
11:57:09,,,,,,,,,,,,,,
11:57:10,,,,,,,,,,,,,,
11:57:11,,,,,,,,,,,,,,
11:57:12,,,,,,,,,,,,,,
11:57:13,,,,,,,,,,,,,,
11:57:14,,,,,,,,,,,,,,
11:57:15,ff,ff,,,,,,,,,,,,
11:57:16,fs,fs,,,,,,,,,,,,
11:57:17,,,,,,,,,,,,,,
11:57:18,,,,,,,,,,,,,,
11:57:19,,,,,,,,,,,,,,
11:57:20,,,,,,,,,,,,,,
11:57:21,ff,,,,,,,,,,,,,
11:57:22,as,,,,,,,,,,,,,
11:57:23,,,,,,,,,,,,,,
11:57:24,,,,,,,,,,,,,,
11:57:25,,ff,,,,,,,,,,,,
11:57:26,,bs,as,,,,,,,,,,,
11:57:27,,,,,,,,,,,,,,
11:57:28,,,,,,,,,,,,,,
11:57:29,,,,,,,,,,,,,,
11:58:00,,,,,,,,,,,,,,
11:58:01,af,,,,,,,,,,,,,
11:58:02,,,,,,,,,,,,,,
11:58:03,,,af,,,,,,,,,,,
11:58:04,,,h,as,5,,,,7.5,,,,,
11:58:05,,,,,,,,,,,,,,
11:58:06,,,,h,,5,,,7.5,,,,,
11:58:07,,,,,,,,,,,,,,
11:58:08,,,,,,,,,,,,,,
11:58:09,,,,,,,,,,,,,,
11:58:10,,bf,,,,,,,,,,,,
,,,,,,,,,,a,fba,2,,
,,,,,,,,,,,,,26,
12:37:14,fs,,,,,,,,,,,,,
12:37:15,,,,,,,,,,,,,,
12:37:16,,fs,,,,,,,,,,,,
12:37:17,,,,,,,,,,,,,,
12:37:18,,,,,,,,,,,,,,
12:37:19,,,,,,,,,,,,,,
12:37:20,,,,,,,,,,,,,,
12:37:21,,,,,,,,,,,,,,
12:37:22,,,,,,,,,,,,,,
12:37:23,ff,,,,,,,,,,,,,
12:37:24,fs,ff,,,,,,,,,,,,
12:37:25,,fs,,,,,,,,,,,,
12:37:26,,,,,,,,,,,,,,
12:37:27,,,,,,,,,,,,,,
12:37:28,,,,,,,,,,,,,,
12:37:29,,,,,,,,,,,,,,
12:38:00,ff,,,,,,,,,,,,,
12:38:01,bs,,,,,,,,,,,,,
12:38:02,,,,,,,,,,,,,,
12:38:03,,,,,,,,,,,,,,
12:38:04,,ff,,,,,,,,,,,,
12:38:05,,bs,,,,,,,,,,,,
12:38:06,,,,,,,,,,,,,,
12:38:07,,,,,,,,,,,,,,
12:38:08,,,,,,,,,,,,,,
12:38:09,,,,,,,,,,,,,,
12:38:10,,,,,,,,,,,,,,
12:38:11,,,,,,,,,,,,,,
12:38:12,bf,,,,,,,,,,,,,
12:38:13,as,,,,,,,,,,,,,
12:38:14,,,as,,,,,,,,,,,
12:38:15,,,,,,,,,,,,,,
12:38:16,,,,,,,,,,,,,,
12:38:17,,,,,,,,,,,,,,
12:38:18,,,af,,3,,,,7.5,,,,,
12:38:19,,,,,,,,,,,,,,
12:38:20,,,,,,,,,,,,,,
12:38:21,,,,,,,,,,,,,,
12:38:22,,,,,,,,,,,,,,
12:38:23,,,,,,,,,,,,,,
12:38:24,,,,,,,,,,,,,,
12:38:25,,,,,,,,,,,,,,
12:38:26,,,,,,,,,,,,,,
12:38:27,,,,,,,,,,,,,,
12:38:28,,,,,,,,,,,,,,
12:38:29,af,,,,,,,,,,,,,
12:39:00,fs,,,,,,,,,,,,,
12:39:01,,,,,,,,,,,,,,
12:39:02,,,,,,,,,,,,,,
12:39:03,,,,,,,,,,,,,,
12:39:04,,,,,,,,,,,,,,
12:39:05,,,,,,,,,,,,,,
12:39:06,,,,,,,,,,,,,,
12:39:07,,,,,,,,,,,,,,
12:39:08,,,,,,,,,,,,,,
12:39:09,,,,,,,,,,,,,,
12:39:10,,,,,,,,,,,,,,
12:39:11,,,,,,,,,,,,,,
12:39:12,,,,,,,,,,,,,,
12:39:13,ff,,,,,,,,,,,,,
12:39:14,,,,,,,,,,,,,,
12:39:15,,,,,,,,,,,,,,
12:39:16,,,,bs,,,,,,,,,,
12:39:17,,,,,,,,,,,,,,
12:39:18,,,,b,,,,,,,,,,
12:39:19,,,,,,,,,,,,,,
12:39:20,,,,,,,,,,,,,,
12:39:21,,,,,,,,,,,,,,
12:39:22,,bf,,,,,,,,,,,,
12:39:23,,fs,,,,,,,,,,,,
12:39:24,,,,,,,,,,,,,,
12:39:25,,,,,,,,,,,,,,
12:39:26,,,,,,,,,,,,,,
12:39:27,,,,,,,,,,,,,,
12:39:28,bs,,,,,,,,,,,,,
12:39:29,,,,,,,,,,,,,,
12:40:00,,ff,,,,,,,,,,,,
12:40:01,,as,,,,,,,,,,,,
12:40:02,,,,,,,,,,,,,,
12:40:03,,,,,,,,,,,,,,
12:40:04,,,,,,,,,,,,,,
12:40:05,bf,,,,,,,,,,,,,
12:40:06,bs,,cs,as,,,,,,,,,,
12:40:07,,,,,,,,,,,,,,
12:40:08,,,,,,,,,,,,,,
12:40:09,,,,,,,,,,,,,,
12:40:10,,,h,,6,,,,7,,,,,
12:40:11,,,,h,,5,,,7,,,,,
12:40:12,,af,,,,,,,,,,,,
12:40:13,,,,,,,,,,,,,,
12:40:14,,,,,,,,,,,,,,
12:40:15,,,,,,,,,,,,,,
12:40:16,bf,,,,,,,,,,,,,
,,,,,,,,,,a,bbfbbbff,2,,
,,,,,,,,,,,,,27,
,,,,,,,,,,,,,,
12:54:10,fs,,,,,,,,,,,,,
12:54:11,,fs,,,,,,,,,,,,
12:54:12,,,,,,,,,,,,,,
12:54:13,,,,,,,,,,,,,,
12:54:14,,,,,,,,,,,,,,
12:54:15,,,,,,,,,,,,,,
12:54:16,,,,,,,,,,,,,,
12:54:17,,,,,,,,,,,,,,
12:54:18,,,,,,,,,,,,,,
12:54:19,,,,,,,,,,,,,,
12:54:20,,,,,,,,,,,,,,
12:54:21,ff,,,,,,,,,,,,,
12:54:22,fs,ff,,,,,,,,,,,,
12:54:23,,as,,,,,,,,,,,,
12:54:24,,,,,,,,,,,,,,
12:54:25,,,,,,,,,,,,,,
12:54:26,,,,,,,,,,,,,,
12:54:27,,,,,,,,,,,,,,
12:54:28,,,,,,,,,,,,,,
12:54:29,ff,,,,,,,,,,,,,
12:55:00,bs,,,,,,,,,,,,,
12:55:01,,,,as,,,,,,,,,,
12:55:02,,,,,,,,,,,,,,
12:55:03,,,,,,,,,,,,,,
12:55:04,,,,,,,,,,,,,,
12:55:05,,,ps,,,,,,,,,,,
12:55:06,,af,p,ap,,5,5,,6.5,,,,,
12:55:07,bf,,rs,,,,,,,,,,,
12:55:08,,,,,,,,,,,,,,
12:55:09,,,,,,,,,,,,,,
12:55:10,,,,,,,,,,,,,,
12:55:11,,,h,,5,,,,6.5,,,,,
,,,,,,,,,,r,bfr,1,,
,,,,,,,,,,,,,28,
13:16:07,fs,,,,,,,,,,,,,
13:16:08,,,,,,,,,,,,,,
13:16:09,,,,,,,,,,,,,,
13:16:10,,fs,,,,,,,,,,,,
13:16:11,,,,,,,,,,,,,,
13:16:12,,,,,,,,,,,,,,
13:16:13,,,,,,,,,,,,,,
13:16:14,,,,,,,,,,,,,,
13:16:15,,,,,,,,,,,,,,
13:16:16,,ff,,,,,,,,,,,,
13:16:17,,as,,,,,,,,,,,,
13:16:18,ff,,,,,,,,,,,,,
13:16:19,as,,,,,,,,,,,,,
13:16:20,,,,,,,,,,,,,,
13:16:21,,,,,,,,,,,,,,
13:16:22,,,,,,,,,,,,,,
13:16:23,,,,,,,,,,,,,,
13:16:24,,,as,as,,,,,,,,,,
13:16:25,,,,,,,,,,,,,,
13:16:26,,,,,,,,,,,,,,
13:16:27,,,,,,,,,,,,,,
13:16:28,,,,h,,3,,,,,,,,
13:16:29,,,,,,,,,,,,,,
13:17:00,,af,h,,3,,,,,,,,,
13:17:01,af,,,,,,,,,,,,,
,,,,,,,,,,b,ffb,,,
,,,,,,,,,,,,,29,
13:28:20,fs,,,,,,,,,,,,,
13:28:21,,,,,,,,,,,,,,
13:28:22,,fs,,,,,,,,,,,,
13:28:23,,,,,,,,,,,,,,
13:28:24,,,,,,,,,,,,,,
13:28:25,,,,,,,,,,,,,,
13:28:26,,,,,,,,,,,,,,
13:28:27,,,,,,,,,,,,,,
13:28:28,,,,,,,,,,,,,,
13:28:29,ff,,,,,,,,,,,,,
13:29:00,fs,ff,,,,,,,,,,,,
13:29:01,,fs,,,,,,,,,,,,
13:29:02,,,,,,,,,,,,,,
13:29:03,,,,,,,,,,,,,,
13:29:04,,,,,,,,,,,,,,
13:29:05,,,,,,,,,,,,,,
13:29:06,ff,,,,,,,,,,,,,
13:29:07,as,,,,,,,,,,,,,
13:29:08,,,,,,,,,,,,,,
13:29:09,,,,,,,,,,,,,,
13:29:10,,ff,as,as,,,,,,,,,,
13:29:11,,as,,,,,,,,,,,,
13:29:12,,,,,,,,,,,,,,
13:29:13,,,,,,,,,,,,,,
13:29:14,af,,h,h,3,4,,,7,,,,,
13:29:15,,,,,,,,,,,,,,
13:29:16,,,,,,,,,,,,,,
13:29:17,,af,,,,,,,,,,,,
,,,,,,,,,,a,ff1,1,,
,,,,,,,,,,,,,30,
13:54:25,fs,,,,,,,,,,,,,
13:54:26,,fs,,,,,,,,,,,,
13:54:27,,,,,,,,,,,,,,
13:54:28,,,,,,,,,,,,,,
13:54:29,,,,,,,,,,,,,,
13:55:00,,,,,,,,,,,,,,
13:55:01,,,,,,,,,,,,,,
13:55:02,,,,,,,,,,,,,,
13:55:03,,,,,,,,,,,,,,
13:55:04,ff,,,,,,,,,,,,,
13:55:05,fs,ff,,,,,,,,,,,,
13:55:06,,fs,,,,,,,,,,,,
13:55:07,,,,,,,,,,,,,,
13:55:08,,,,,,,,,,,,,,
13:55:09,,,,,,,,,,,,,,
13:55:10,,,,,,,,,,,,,,
13:55:11,,,,,,,,,,,,,,
13:55:12,ff,,,,,,,,,,,,,
13:55:13,as,,,,,,,,,,,,,
13:55:14,,,,,,,,,,,,,,
13:55:15,,ff,as,as,,,,,,,,,,
13:55:16,,as,,,,,,,,,,,,
13:55:17,,,,,,,,,,,,,,
13:55:18,,,h,,4,,,,7,,,,,
13:55:19,af,,,h,,4,,,7,,,,,
13:55:20,,af,,,,,,,,,,,,
,,,,,,,,,,a,ff1,1,,
,,,,,,,,,,,,,31,
15:29:14,fs,fs,,,,,,,,,,,,
15:29:15,,,,,,,,,,,,,,
15:29:16,,,,,,,,,,,,,,
15:29:17,,,,,,,,,,,,,,
15:29:18,,,,,,,,,,,,,,
15:29:19,,,,,,,,,,,,,,
15:29:20,,,,,,,,,,,,,,
15:29:21,,,,,,,,,,,,,,
15:29:22,,,,,,,,,,,,,,
15:29:23,ff,,,,,,,,,,,,,
15:29:24,fs,,,,,,,,,,,,,
15:29:25,,ff,,,,,,,,,,,,
15:29:26,,as,,,,,,,,,,,,
15:29:27,,,,,,,,,,,,,,
15:29:28,,,,,,,,,,,,,,
15:29:29,,,,,,,,,,,,,,
15:30:00,ff,,,,,,,,,,,,,
15:30:01,as,,,,,,,,,,,,,
15:30:02,,,as,as,,,,,,,,,,
15:30:03,,,,,,,,,,,,,,
15:30:04,,,,,,,,,,,,,,
15:30:05,,,,,,,,,,,,,,
15:30:06,,,,,,,,,,,,,,
15:30:07,af,af,h,h,4,4,,,7,,,,,
,,,,,,,,,,b,ffb,,,
,,,,,,,,,,,,,32,
15:41:12,fs,fs,,,,,,,,,,,,
15:41:13,,,,,,,,,,,,,,
15:41:14,,,,,,,,,,,,,,
15:41:15,,,,,,,,,,,,,,
15:41:16,,,,,,,,,,,,,,
15:41:17,,,,,,,,,,,,,,
15:41:18,,,,,,,,,,,,,,
15:41:19,,,,,,,,,,,,,,
15:41:20,,,,,,,,,,,,,,
15:41:21,ff,ff,,,,,,,,,,,,
15:41:22,fs,fs,,,,,,,,,,,,
15:41:23,,,,,,,,,,,,,,
15:41:24,,,,,,,,,,,,,,
15:41:25,,,,,,,,,,,,,,
15:41:26,,,,,,,,,,,,,,
15:41:27,,,,,,,,,,,,,,
15:41:28,ff,,,,,,,,,,,,,
15:41:29,as,,,,,,,,,,,,,
15:42:00,,,,,,,,,,,,,,
15:42:01,,,,,,,,,,,,,,
15:42:02,,,as,,,,,,,,,,,
15:42:03,,ff,,,,,,,,,,,,
15:42:04,,bs,,,,,,,,,,,,
15:42:05,,,,,,,,,,,,,,
15:42:06,af,,,ps,,,,,,,,,,
15:42:07,,,,,,,,,,,,,,
15:42:08,,,,,,,,,,,,,,
15:42:09,,,,,,,,,,,,,,
15:42:10,,,ap,p,3,,,,,,,,,
15:42:11,,,,rs,,,,,,,,,,
15:42:12,,bf,,,,,,,,,,,,
15:42:13,,,,hp,,,,,,,,,,
,,,,,,,,,,i,,,,
,,,,,,,,,,,,,33,
16:30:08,fs,fs,,,,,,,,,,,,
16:30:09,,,,,,,,,,,,,,
16:30:10,,,,,,,,,,,,,,
16:30:11,,,,,,,,,,,,,,
16:30:12,,,,,,,,,,,,,,
16:30:13,,,,,,,,,,,,,,
16:30:14,,,,,,,,,,,,,,
16:30:15,,,,,,,,,,,,,,
16:30:16,,,,,,,,,,,,,,
16:30:17,,,,,,,,,,,,,,
16:30:18,ff,ff,,,,,,,,,,,,
16:30:19,fs,fs,,,,,,,,,,,,
16:30:20,,,,,,,,,,,,,,
16:30:21,,,,,,,,,,,,,,
16:30:22,,,,,,,,,,,,,,
16:30:23,,,,,,,,,,,,,,
16:30:24,,,,,,,,,,,,,,
16:30:25,,,,,,,,,,,,,,
16:30:26,,,,,,,,,,,,,,
16:30:27,ff,,,,,,,,,,,,,
16:30:28,bs,ff,,,,,,,,,,,,
16:30:29,,bs,,,,,,,,,,,,
16:31:00,,,,,,,,,,,,,,
16:31:01,,,,,,,,,,,,,,
16:31:02,,,,,,,,,,,,,,
16:31:03,,,,,,,,,,,,,,
16:31:04,,bf,,,,,,,,,,,,
16:31:05,,fs,,,,,,,,,,,,
16:31:06,,,,,,,,,,,,,,
16:31:07,bf,,,,,,,,,,,,,
16:31:08,as,,,,,,,,,,,,,
16:31:09,,,,,,,,,,,,,,
16:31:10,,,,,,,,,,,,,,
16:31:11,,,as,ps,,,,1,,,,,,
16:31:12,,ff,,,,,,,,,,,,
16:31:13,,bs,,,,,,,,,,,,
16:31:14,,,h,,4,,,,7.5,,,,,
16:31:15,,,,,,,,,,,,,,
16:31:16,,,,,,,,,,,,,,
16:31:17,,,,pf,,,,,,,,,,
16:31:18,af,bf,,,,,,,,,,,,
,,,,,,,,,,a,bbfbf,1,,
,,,,,,,,,,,,,34,
16:48:10,fs,,,,,,,,,,,,,
16:48:11,,fs,,,,,,,,,,,,
16:48:12,,,,,,,,,,,,,,
16:48:13,,,,,,,,,,,,,,
16:48:14,,,,,,,,,,,,,,
16:48:15,,,,,,,,,,,,,,
16:48:16,,,,,,,,,,,,,,
16:48:17,,,,,,,,,,,,,,
16:48:18,ff,,,,,,,,,,,,,
16:48:19,fs,ff,,,,,,,,,,,,
16:48:20,,fs,,,,,,,,,,,,
16:48:21,,,,,,,,,,,,,,
16:48:22,,,,,,,,,,,,,,
16:48:23,,,,,,,,,,,,,,
16:48:24,,,,,,,,,,,,,,
16:48:25,,,,,,,,,,,,,,
16:48:26,ff,,,,,,,,,,,,,
16:48:27,as,,,,,,,,,,,,,
16:48:28,,,,,,,,,,,,,,
16:48:29,,ff,as,,,,,,,,,,,
16:49:00,,bs,,,,,,,,,,,,
16:49:01,,,,,,,,,,,,,,
16:49:02,,,,,,,,,,,,,,
16:49:03,,,,,,,,,,,,,,
16:49:04,,,,,,,,,,,,,,
16:49:05,af,,,,,,,,,,,,,
16:49:06,,,,,,,,,,,,,,
16:49:07,,,af,,,,,,,,,,,
16:49:08,,,h,as,5,,,,,,,,,
16:49:09,,,,,,,,,,,,,,
16:49:10,,,,,,,,,,,,,,
16:49:11,,bf,,h,,5,,,7.5,,,,,
,,,,,,,,,,a,fbf,2,,
,,,,,,,,,,,,,35,
17:44:17,fs,fs,,,,,,,,,,,,
17:44:18,,,,,,,,,,,,,,
17:44:19,,,,,,,,,,,,,,
17:44:20,,,,,,,,,,,,,,
17:44:21,,,,,,,,,,,,,,
17:44:22,,,,,,,,,,,,,,
17:44:23,,,,,,,,,,,,,,
17:44:24,,,,,,,,,,,,,,
17:44:25,ff,,,,,,,,,,,,,
17:44:26,fs,ff,,,,,,,,,,,,
17:44:27,,fs,,,,,,,,,,,,
17:44:28,,,,,,,,,,,,,,
17:44:29,,,,,,,,,,,,,,
17:45:00,,,,,,,,,,,,,,
17:45:01,,,,,,,,,,,,,,
17:45:02,,,,,,,,,,,,,,
17:45:03,ff,,,,,,,,,,,,,
17:45:04,bs,,,,,,,,,,,,,
17:45:05,,ff,,,,,,,,,,,,
17:45:06,,bs,,,,,,,,,,,,
17:45:07,,,,,,,,,,,,,,
17:45:08,,,,,,,,,,,,,,
17:45:09,,,,,,,,,,,,,,
17:45:10,,,,,,,,,,,,,,
17:45:11,,,,,,,,,,,,,,
17:45:12,,,,,,,,,,,,,,
17:45:13,,,,,,,,,,,,,,
17:45:14,,,,,,,,,,,,,,
17:45:15,,,,,,,,,,,,,,
17:45:16,,bf,,cs,,,,,,,,,,
17:45:17,bf,bs,,,,,,,,,,,,
17:45:18,fs,,,,,,,,,,,,,
17:45:19,,,,cf,,,,,,,,,,
17:45:20,,,,,,,,,,,,,,
17:45:21,,,,,,,,,,,,,,
17:45:22,,,,,,,,,,,,,,
17:45:23,,,,,,,,,,,,,,
17:45:24,,,,,,,,,,,,,,
17:45:25,ff,bf,,,,,,,,,,,,
17:45:26,as,bs,,,,,,,,,,,,
17:45:27,,,,,,,,,,,,,,
17:45:28,,,,,,,,,,,,,,
17:45:29,,,,,,,,,,,,,,
17:46:00,,,,,,,,,,,,,,
17:46:01,,,,,,,,,,,,,,
17:46:02,,,,,,,,,,,,,,
17:46:03,,,,,,,,,,,,,,
17:46:04,,,as,,,,,,,,,,,
17:46:05,,,,,,,,,,,,,,
17:46:06,,,,,,,,,,,,,,
17:46:07,,,,,,,,,,,,,,
17:46:08,af,,h,,4,,,,10,,,,,
17:46:09,,,,,,,,,,,,,,
17:46:10,,bf,,,,,,,,,,,,
17:46:11,,bs,,,,,,,,,,,,
17:46:12,,,,,,,,,,,,,,
17:46:13,,,,,,,,,,,,,,
17:46:14,,,,,,,,,,,,,,
17:46:15,,,,,,,,,,,,,,
17:46:16,,,,,,,,,,,,,,
17:46:17,,,,,,,,,,,,,,
17:46:18,,,,,,,,,,,,,,
17:46:19,,,,,,,,,,,,,,
17:46:20,,,,,,,,,,,,,,
17:46:21,,,,,,,,,,,,,,
17:46:22,,,,,,,,,,,,,,
17:46:23,,,,,,,,,,,,,,
17:46:24,,,,,,,,,,,,,,
17:46:25,,,,,,,,,,,,,,
17:46:26,,,,,,,,,,,,,,
17:46:27,,,,,,,,,,,,,,
17:46:28,,,,,,,,,,,,,,
17:46:29,,,,,,,,,,,,,,
17:46:30,,,,,,,,,,,,,,
17:47:00,,,,,,,,,,,,,,
17:47:01,,bf,,,,,,,,,,,,
,,,,,,,,,,a,bbfbf,1,,
,,,,,,,,,,,,,36,
18:11:17,fs,fs,,,,,,,,,,,,
18:11:18,,,,,,,,,,,,,,
18:11:19,,,,,,,,,,,,,,
18:11:20,,,,,,,,,,,,,,
18:11:21,,,,,,,,,,,,,,
18:11:22,,,,,,,,,,,,,,
18:11:23,,,,,,,,,,,,,,
18:11:24,,,,,,,,,,,,,,
18:11:25,ff,ff,,,,,,,,,,,,
18:11:26,fs,as,,,,,,,,,,,,
18:11:27,,,,,,,,,,,,,,
18:11:28,,,,,,,,,,,,,,
18:11:29,,,,,,,,,,,,,,
18:12:00,,,,,,,,,,,,,,
18:12:01,,,,,,,,,,,,,,
18:12:02,,,,,,,,,,,,,,
18:12:03,,,,,,,,,,,,,,
18:12:04,ff,,,,,,,,,,,,,
18:12:05,bs,,,,,,,,,,,,,
18:12:06,,,,,,,,,,,,,,
18:12:07,,,,as,,,,,,,,,,
18:12:08,,,,,,,,,,,,,,
18:12:09,,,,,,,,,,,,,,
18:12:10,,,,,,,,,,,,,,
18:12:11,,,,,,,,,,,,,,
18:12:12,,af,,,,,,,,,,,,
18:12:13,,,,af,,,,,,,,,,
18:12:14,,,,,,,,,,,,,,
18:12:15,bf,,,,,,,,,,,,,
18:12:16,bs,,,,,,,,,,,,,
18:12:17,,,,,,,,,,,,,,
18:12:18,,,,,,,,,,,,,,
18:12:19,,,,,,,,,,,,,,
18:12:20,,,,,,,,,,,,,,
18:12:21,,,,,,,,,,,,,,
18:12:22,,,,,,,,,,,,,,
18:12:23,,,,,,,,,,,,,,
18:12:24,,,,,,,,,,,,,,
18:12:25,bf,,,g,,,,,,,,,,
,,,,,,,,,,g,,,,
,,,,,,,,,,,,,37,
18:37:02,fs,fs,,,,,,,,,,,,
18:37:03,,,,,,,,,,,,,,
18:37:04,,,,,,,,,,,,,,
18:37:05,,,,,,,,,,,,,,
18:37:06,,,,,,,,,,,,,,
18:37:07,,,,,,,,,,,,,,
18:37:08,,,,,,,,,,,,,,
18:37:09,,,,,,,,,,,,,,
18:37:10,,,,,,,,,,,,,,
18:37:11,,,,,,,,,,,,,,
18:37:12,,,,,,,,,,,,,,
18:37:13,ff,ff,,,,,,,,,,,,
18:37:14,fs,as,,,,,,,,,,,,
18:37:15,,,,,,,,,,,,,,
18:37:16,,,,,,,,,,,,,,
18:37:17,,,,,,,,,,,,,,
18:37:18,,,,,,,,,,,,,,
18:37:19,,,,,,,,,,,,,,
18:37:20,,,,,,,,,,,,,,
18:37:21,ff,,,,,,,,,,,,,
18:37:22,bs,,,,,,,,,,,,,
18:37:23,,,,as,,,,,,,,,,
18:37:24,,,,,,,,,,,,,,
18:37:25,,,ps,,,,,,,,,,,
18:37:26,,,,,,,,,,,,,,
18:37:27,,,,,,,,,,,,,,
18:37:28,,,p,ap,,5,5,,,,,,,
18:37:29,,af,rs,,,,,,,,,,,
18:38:00,,,,,,,,,,,,,,
18:38:01,bf,,,,,,,,,,,,,
18:38:02,,,,,,,,,,,,,,
18:38:03,,,,,,,,,,,,,,
18:38:04,,,,h,,6,,,,,,,,
18:38:05,,,h,,5,,,,6,,,,,
,,,,,,,,,,r,bfr,1,,
,,,,,,,,,,,,,38,
19:00:28,fs,fs,,,,,,,,,,,,
19:00:29,,,,,,,,,,,,,,
19:01:00,,,,,,,,,,,,,,
19:01:01,,,,,,,,,,,,,,
19:01:02,,,,,,,,,,,,,,
19:01:03,,,,,,,,,,,,,,
19:01:04,,,,,,,,,,,,,,
19:01:05,,,,,,,,,,,,,,
19:01:06,,ff,,,,,,,,,,,,
19:01:07,,as,,,,,,,,,,,,
19:01:08,,,,,,,,,,,,,,
19:01:09,ff,,,,,,,,,,,,,
19:01:10,fs,,,,,,,,,,,,,
19:01:11,,,,,,,,,,,,,,
19:01:12,,,,,,,,,,,,,,
19:01:13,,,,,,,,,,,,,,
19:01:14,,,,,,,,,,,,,,
19:01:15,,,,,,,,,,,,,,
19:01:16,,,cs,as,,,,,,,,,,
19:01:17,,,,,,,,,,,,,,
19:01:18,,,,,,,,,,,,,,
19:01:19,,,,,,,,,,,,,,
19:01:20,ff,af,h,,,,,,,,,,,
19:01:21,bs,,ps,,,,,,,,,,,
19:01:22,,,p,af,,5,5,,,,,,,
19:01:23,,,rs,,,,,,,,,,,
19:01:24,,,h,h,5,5,,,6,,,,,
19:01:25,,,,,,,,,,,,,,
19:01:26,,,,,,,,,,,,,,
19:01:27,,,,,,,,,,,,,,
19:01:28,,,,,,,,,,,,,,
19:01:29,bf,,,,,,,,,,,,,
,,,,,,,,,,r,bfr,1,,
